datetime,Rio_Grande_NR_Alameda,Rio_Grande_at_Alameda_Bridge_at_Alameda,Rio Grande Albuquerque,Rio Grande at Isleta Lakes NR Isleta
1/1/2019 0:00,2.97,12.53,3.01,5.01
1/1/2019 0:15,2.98,12.52,3.01,5.01
1/1/2019 0:30,2.98,12.5,2.99,5.01
1/1/2019 0:45,2.95,12.48,2.98,5
1/1/2019 1:00,2.93,12.45,3,5
1/1/2019 1:15,2.92,12.44,2.98,5
1/1/2019 1:30,2.89,12.42,2.98,4.99
1/1/2019 1:45,2.87,12.41,2.98,5
1/1/2019 2:00,2.86,12.4,2.98,4.99
1/1/2019 2:15,2.85,12.39,2.96,4.98
1/1/2019 2:30,2.83,12.38,2.98,4.98
1/1/2019 2:45,2.82,12.39,2.97,4.98
1/1/2019 3:00,2.81,12.38,2.97,4.97
1/1/2019 3:15,2.8,12.39,2.98,4.97
1/1/2019 3:30,2.79,12.38,2.96,4.97
1/1/2019 3:45,2.79,12.38,2.97,4.96
1/1/2019 4:00,2.79,12.39,2.97,4.96
1/1/2019 4:15,2.78,12.38,2.98,4.95
1/1/2019 4:30,2.77,12.39,2.99,4.95
1/1/2019 4:45,2.77,12.38,3,4.95
1/1/2019 5:00,2.77,12.38,2.99,4.94
1/1/2019 5:15,2.78,12.38,3,4.93
1/1/2019 5:30,2.78,12.37,2.98,4.93
1/1/2019 5:45,2.78,12.38,3,4.92
1/1/2019 6:00,2.78,12.38,3,4.92
1/1/2019 6:15,2.78,12.38,2.97,4.91
1/1/2019 6:30,2.77,12.4,2.98,4.91
1/1/2019 6:45,2.77,12.39,2.98,4.9
1/1/2019 7:00,2.77,12.38,2.97,4.9
1/1/2019 7:15,2.76,12.37,2.95,4.89
1/1/2019 7:30,2.76,12.36,2.96,4.89
1/1/2019 7:45,2.77,12.37,2.96,4.89
1/1/2019 8:00,2.76,12.37,2.95,4.89
1/1/2019 8:15,2.76,12.38,2.93,4.89
1/1/2019 8:30,2.76,12.37,2.93,4.89
1/1/2019 8:45,2.76,12.42,2.91,4.88
1/1/2019 9:00,2.76,12.4,2.93,4.88
1/1/2019 9:15,2.76,12.38,2.93,4.87
1/1/2019 9:30,2.76,12.39,2.95,4.87
1/1/2019 9:45,2.76,12.37,2.91,4.87
1/1/2019 10:00,2.75,12.39,2.95,4.86
1/1/2019 10:15,2.75,12.39,2.94,4.86
1/1/2019 10:30,2.75,12.36,2.94,4.86
1/1/2019 10:45,2.75,12.37,2.94,4.86
1/1/2019 11:00,2.75,12.37,2.94,4.86
1/1/2019 11:15,2.74,12.35,2.94,4.86
1/1/2019 11:30,2.74,12.36,2.94,4.86
1/1/2019 11:45,2.74,12.35,2.94,4.85
1/1/2019 12:00,2.74,12.36,2.94,4.85
1/1/2019 12:15,2.73,12.35,2.94,4.85
1/1/2019 12:30,2.74,12.36,2.94,4.84
1/1/2019 12:45,2.73,12.37,2.94,4.83
1/1/2019 13:00,2.73,12.42,2.94,4.83
1/1/2019 13:15,2.73,12.41,2.94,4.83
1/1/2019 13:30,2.74,12.45,2.95,4.82
1/1/2019 13:45,2.74,12.44,2.96,4.82
1/1/2019 14:00,2.74,12.43,2.95,4.81
1/1/2019 14:15,2.73,12.46,2.95,4.81
1/1/2019 14:30,2.73,12.43,2.96,4.81
1/1/2019 14:45,2.73,12.42,2.96,4.81
1/1/2019 15:00,2.73,12.42,2.96,4.81
1/1/2019 15:15,2.73,12.42,2.96,4.81
1/1/2019 15:30,2.73,12.42,2.96,4.81
1/1/2019 15:45,2.73,12.42,2.95,4.81
1/1/2019 16:00,2.73,12.42,2.96,4.81
1/1/2019 16:15,2.73,12.42,2.96,4.81
1/1/2019 16:30,2.73,12.44,2.96,4.81
1/1/2019 16:45,2.72,12.44,2.96,4.81
1/1/2019 17:00,2.73,12.44,2.95,4.82
1/1/2019 17:15,2.72,12.44,2.95,4.82
1/1/2019 17:30,2.72,12.44,2.95,4.82
1/1/2019 17:45,2.73,12.43,2.95,4.82
1/1/2019 18:00,2.73,12.42,2.95,4.83
1/1/2019 18:15,2.73,12.42,2.95,4.83
1/1/2019 18:30,2.73,12.42,2.95,4.83
1/1/2019 18:45,2.73,12.42,2.95,4.84
1/1/2019 19:00,2.73,12.4,2.95,4.84
1/1/2019 19:15,2.73,12.42,2.95,4.84
1/1/2019 19:30,2.72,12.44,2.95,4.84
1/1/2019 19:45,2.73,12.47,2.95,4.84
1/1/2019 20:00,2.72,12.46,2.95,4.84
1/1/2019 20:15,2.72,12.46,2.95,4.84
1/1/2019 20:30,2.72,12.47,2.95,4.84
1/1/2019 20:45,2.72,12.45,2.95,4.84
1/1/2019 21:00,2.72,12.42,2.94,4.85
1/1/2019 21:15,2.72,12.41,2.95,4.85
1/1/2019 21:30,2.73,12.38,2.94,4.85
1/1/2019 21:45,2.72,12.37,2.95,4.85
1/1/2019 22:00,2.72,12.38,2.95,4.85
1/1/2019 22:15,2.72,12.37,2.95,4.85
1/1/2019 22:30,2.72,12.37,2.95,4.85
1/1/2019 22:45,2.72,12.36,2.94,4.85
1/1/2019 23:00,2.72,12.35,2.94,4.85
1/1/2019 23:15,2.72,12.35,2.94,4.85
1/1/2019 23:30,2.72,12.34,2.94,4.84
1/1/2019 23:45,2.73,12.35,2.94,4.84
1/2/2019 0:00,2.74,12.35,2.94,4.84
1/2/2019 0:15,2.77,12.35,2.94,4.84
1/2/2019 0:30,2.79,12.35,2.93,4.84
1/2/2019 0:45,2.8,12.34,2.93,4.84
1/2/2019 1:00,2.81,12.34,2.93,4.83
1/2/2019 1:15,2.82,12.34,2.93,4.83
1/2/2019 1:30,2.82,12.35,2.93,4.83
1/2/2019 1:45,2.82,12.35,2.92,4.83
1/2/2019 2:00,2.82,12.35,2.92,4.83
1/2/2019 2:15,2.83,12.35,2.92,4.83
1/2/2019 2:30,2.83,12.33,2.92,4.82
1/2/2019 2:45,2.83,12.34,2.92,4.82
1/2/2019 3:00,2.83,12.34,2.91,4.82
1/2/2019 3:15,2.83,12.34,2.91,4.81
1/2/2019 3:30,2.82,12.35,2.91,4.81
1/2/2019 3:45,2.82,12.34,2.91,4.81
1/2/2019 4:00,2.82,12.33,2.91,4.8
1/2/2019 4:15,2.81,12.34,2.91,4.8
1/2/2019 4:30,2.81,12.35,2.91,4.79
1/2/2019 4:45,2.8,12.35,2.91,4.79
1/2/2019 5:00,2.8,12.35,2.92,4.78
1/2/2019 5:15,2.79,12.34,2.92,4.78
1/2/2019 5:30,2.79,12.34,2.92,4.77
1/2/2019 5:45,2.79,12.35,2.93,4.77
1/2/2019 6:00,2.78,12.35,2.93,4.77
1/2/2019 6:15,2.78,12.35,2.93,4.76
1/2/2019 6:30,2.77,12.35,2.93,4.76
1/2/2019 6:45,2.77,12.35,2.94,4.76
1/2/2019 7:00,2.76,12.35,2.94,4.75
1/2/2019 7:15,2.76,12.34,2.94,4.75
1/2/2019 7:30,2.76,12.34,2.94,4.75
1/2/2019 7:45,2.76,12.34,2.94,4.74
1/2/2019 8:00,2.76,12.34,2.95,4.74
1/2/2019 8:15,2.76,12.35,2.94,4.73
1/2/2019 8:30,2.76,12.34,2.94,4.73
1/2/2019 8:45,2.76,12.35,2.94,4.73
1/2/2019 9:00,2.74,12.34,2.94,4.72
1/2/2019 9:15,2.75,12.33,2.94,4.72
1/2/2019 9:30,2.75,12.34,2.94,4.72
1/2/2019 9:45,2.76,12.34,2.94,4.72
1/2/2019 10:00,2.77,12.35,2.94,4.71
1/2/2019 10:15,2.78,12.35,2.94,4.71
1/2/2019 10:30,2.78,12.35,2.94,4.71
1/2/2019 10:45,2.79,12.35,2.94,4.71
1/2/2019 11:00,2.79,12.34,2.94,4.7
1/2/2019 11:15,2.78,12.34,2.94,4.7
1/2/2019 11:30,2.8,12.34,2.94,4.7
1/2/2019 11:45,2.8,12.34,2.94,4.71
1/2/2019 12:00,2.82,12.33,2.93,4.71
1/2/2019 12:15,2.82,12.34,2.93,4.71
1/2/2019 12:30,2.82,12.33,2.93,4.72
1/2/2019 12:45,2.82,12.34,2.92,4.72
1/2/2019 13:00,2.83,12.34,2.92,4.73
1/2/2019 13:15,2.83,12.34,2.92,4.73
1/2/2019 13:30,2.83,12.35,2.91,4.74
1/2/2019 13:45,2.84,12.34,2.91,4.75
1/2/2019 14:00,2.84,12.34,2.92,4.75
1/2/2019 14:15,2.88,12.34,2.91,4.76
1/2/2019 14:30,2.91,12.34,2.92,4.77
1/2/2019 14:45,2.94,12.34,2.91,4.78
1/2/2019 15:00,2.95,12.33,2.91,4.78
1/2/2019 15:15,2.97,12.33,2.92,4.79
1/2/2019 15:30,2.95,12.32,2.93,4.8
1/2/2019 15:45,2.95,12.33,2.93,4.81
1/2/2019 16:00,2.96,12.33,2.94,4.81
1/2/2019 16:15,2.93,12.32,2.94,4.82
1/2/2019 16:30,2.92,12.32,2.95,4.82
1/2/2019 16:45,2.89,12.32,2.95,4.83
1/2/2019 17:00,2.87,12.32,2.96,4.83
1/2/2019 17:15,2.84,12.32,2.96,4.84
1/2/2019 17:30,2.8,12.32,2.96,4.84
1/2/2019 17:45,2.79,12.32,2.96,4.84
1/2/2019 18:00,2.77,12.33,2.96,4.84
1/2/2019 18:15,2.77,12.33,2.96,4.84
1/2/2019 18:30,2.76,12.33,2.97,4.84
1/2/2019 18:45,2.76,12.32,2.98,4.84
1/2/2019 19:00,2.75,12.33,2.99,4.85
1/2/2019 19:15,2.75,12.34,2.99,4.85
1/2/2019 19:30,2.75,12.33,3,4.84
1/2/2019 19:45,2.75,12.32,3,4.84
1/2/2019 20:00,2.75,12.34,3.01,4.84
1/2/2019 20:15,2.75,12.34,3.01,4.84
1/2/2019 20:30,2.74,12.33,3,4.83
1/2/2019 20:45,2.74,12.34,3,4.84
1/2/2019 21:00,2.74,12.34,3,4.84
1/2/2019 21:15,2.73,12.34,3,4.84
1/2/2019 21:30,2.73,12.34,3,4.84
1/2/2019 21:45,2.73,12.33,2.99,4.85
1/2/2019 22:00,2.72,12.34,2.99,4.85
1/2/2019 22:15,2.71,12.34,2.98,4.85
1/2/2019 22:30,2.71,12.33,2.98,4.85
1/2/2019 22:45,2.71,12.35,2.96,4.85
1/2/2019 23:00,2.71,12.35,2.95,4.85
1/2/2019 23:15,2.72,12.34,2.94,4.85
1/2/2019 23:30,2.73,12.35,2.93,4.85
1/2/2019 23:45,2.75,12.35,2.93,4.86
1/3/2019 0:00,2.79,12.36,2.92,4.86
1/3/2019 0:15,2.82,12.35,2.92,4.86
1/3/2019 0:30,2.84,12.35,2.91,4.86
1/3/2019 0:45,2.85,12.35,2.9,4.86
1/3/2019 1:00,2.86,12.35,2.9,4.86
1/3/2019 1:15,2.85,12.35,2.9,4.86
1/3/2019 1:30,2.86,12.35,2.9,4.86
1/3/2019 1:45,2.86,12.36,2.9,4.86
1/3/2019 2:00,2.86,12.35,2.89,4.86
1/3/2019 2:15,2.86,12.35,2.89,4.86
1/3/2019 2:30,2.86,12.36,2.89,4.86
1/3/2019 2:45,2.86,12.35,2.87,4.86
1/3/2019 3:00,2.86,12.35,2.88,4.86
1/3/2019 3:15,2.86,12.35,2.87,4.86
1/3/2019 3:30,2.86,12.35,2.87,4.85
1/3/2019 3:45,2.86,12.36,2.87,4.85
1/3/2019 4:00,2.86,12.36,2.87,4.85
1/3/2019 4:15,2.85,12.35,2.87,4.84
1/3/2019 4:30,2.85,12.35,2.88,4.84
1/3/2019 4:45,2.86,12.35,2.88,4.83
1/3/2019 5:00,2.86,12.34,2.89,4.83
1/3/2019 5:15,2.85,12.34,2.89,4.82
1/3/2019 5:30,2.85,12.36,2.89,4.81
1/3/2019 5:45,2.85,12.35,2.9,4.81
1/3/2019 6:00,2.85,12.36,2.9,4.8
1/3/2019 6:15,2.84,12.36,2.9,4.79
1/3/2019 6:30,2.84,12.36,2.91,4.79
1/3/2019 6:45,2.84,12.35,2.91,4.78
1/3/2019 7:00,2.85,12.35,2.91,4.77
1/3/2019 7:15,2.85,12.35,2.92,4.77
1/3/2019 7:30,2.85,12.36,2.92,4.76
1/3/2019 7:45,2.85,12.35,2.92,4.75
1/3/2019 8:00,2.85,12.35,2.92,4.75
1/3/2019 8:15,2.86,12.36,2.92,4.74
1/3/2019 8:30,2.87,12.35,2.92,4.74
1/3/2019 8:45,2.92,12.35,2.92,4.73
1/3/2019 9:00,2.97,12.37,2.91,4.74
1/3/2019 9:15,2.95,12.37,2.91,4.75
1/3/2019 9:30,2.92,12.37,2.91,4.75
1/3/2019 9:45,2.91,12.35,2.9,4.74
1/3/2019 10:00,2.89,12.34,2.91,4.74
1/3/2019 10:15,2.88,12.35,2.91,4.73
1/3/2019 10:30,2.87,12.35,2.92,4.73
1/3/2019 10:45,2.85,12.35,2.91,4.73
1/3/2019 11:00,2.86,12.38,2.91,4.73
1/3/2019 11:15,2.85,12.38,2.92,4.73
1/3/2019 11:30,2.84,12.37,2.93,4.73
1/3/2019 11:45,2.79,12.36,2.94,4.73
1/3/2019 12:00,2.72,12.36,2.94,4.73
1/3/2019 12:15,2.76,12.36,2.95,4.74
1/3/2019 12:30,2.78,12.35,2.96,4.74
1/3/2019 12:45,2.81,12.36,2.96,4.75
1/3/2019 13:00,2.83,12.36,2.96,4.75
1/3/2019 13:15,2.84,12.35,2.96,4.76
1/3/2019 13:30,2.85,12.36,2.96,4.77
1/3/2019 13:45,2.86,12.35,2.96,4.77
1/3/2019 14:00,2.86,12.34,2.96,4.79
1/3/2019 14:15,2.84,12.35,2.96,4.79
1/3/2019 14:30,2.83,12.34,2.97,4.8
1/3/2019 14:45,2.82,12.34,2.97,4.81
1/3/2019 15:00,2.81,12.33,2.98,4.82
1/3/2019 15:15,2.79,12.33,2.98,4.82
1/3/2019 15:30,2.78,12.33,2.99,4.83
1/3/2019 15:45,2.75,12.32,2.99,4.84
1/3/2019 16:00,2.74,12.32,3,4.84
1/3/2019 16:15,2.72,12.32,2.99,4.84
1/3/2019 16:30,2.7,12.39,3,4.84
1/3/2019 16:45,2.69,12.34,3,4.84
1/3/2019 17:00,2.68,12.33,2.99,4.84
1/3/2019 17:15,2.67,12.32,3,4.85
1/3/2019 17:30,2.66,12.32,3,4.85
1/3/2019 17:45,2.66,12.33,2.99,4.85
1/3/2019 18:00,2.66,12.33,2.99,4.86
1/3/2019 18:15,2.66,12.32,2.99,4.86
1/3/2019 18:30,2.65,12.33,2.98,4.86
1/3/2019 18:45,2.65,12.32,2.98,4.86
1/3/2019 19:00,2.65,12.31,2.98,4.86
1/3/2019 19:15,2.65,12.32,2.98,4.86
1/3/2019 19:30,2.65,12.32,2.98,4.87
1/3/2019 19:45,2.66,12.31,2.97,4.86
1/3/2019 20:00,2.66,12.31,2.95,4.87
1/3/2019 20:15,2.66,12.32,2.95,4.87
1/3/2019 20:30,2.66,12.31,2.92,4.87
1/3/2019 20:45,2.66,12.31,2.91,4.87
1/3/2019 21:00,2.66,12.32,2.9,4.87
1/3/2019 21:15,2.66,12.31,2.88,4.88
1/3/2019 21:30,2.66,12.3,2.87,4.88
1/3/2019 21:45,2.66,12.3,2.86,4.88
1/3/2019 22:00,2.66,12.31,2.85,4.88
1/3/2019 22:15,2.66,12.31,2.85,4.88
1/3/2019 22:30,2.66,12.3,2.85,4.89
1/3/2019 22:45,2.66,12.31,2.84,4.89
1/3/2019 23:00,2.66,12.3,2.84,4.89
1/3/2019 23:15,2.66,12.31,2.83,4.89
1/3/2019 23:30,2.66,12.31,2.83,4.89
1/3/2019 23:45,2.66,12.29,2.83,4.89
1/4/2019 0:00,2.66,12.31,2.82,4.89
1/4/2019 0:15,2.64,12.31,2.81,4.89
1/4/2019 0:30,2.63,12.32,2.82,4.89
1/4/2019 0:45,2.63,12.32,2.81,4.89
1/4/2019 1:00,2.66,12.3,2.8,4.88
1/4/2019 1:15,2.7,12.3,2.8,4.88
1/4/2019 1:30,2.73,12.31,2.81,4.88
1/4/2019 1:45,2.74,12.3,2.8,4.87
1/4/2019 2:00,2.75,12.29,2.79,4.86
1/4/2019 2:15,2.75,12.29,2.79,4.86
1/4/2019 2:30,2.76,12.3,2.79,4.85
1/4/2019 2:45,2.76,12.31,2.8,4.84
1/4/2019 3:00,2.75,12.32,2.8,4.84
1/4/2019 3:15,2.75,12.31,2.8,4.83
1/4/2019 3:30,2.74,12.32,2.8,4.82
1/4/2019 3:45,2.74,12.31,2.8,4.81
1/4/2019 4:00,2.72,12.31,2.8,4.8
1/4/2019 4:15,2.71,12.32,2.8,4.79
1/4/2019 4:30,2.71,12.33,2.8,4.78
1/4/2019 4:45,2.7,12.33,2.8,4.78
1/4/2019 5:00,2.69,12.34,2.79,4.77
1/4/2019 5:15,2.68,12.35,2.79,4.76
1/4/2019 5:30,2.68,12.35,2.8,4.75
1/4/2019 5:45,2.67,12.35,2.8,4.74
1/4/2019 6:00,2.67,12.36,2.8,4.73
1/4/2019 6:15,2.67,12.36,2.8,4.71
1/4/2019 6:30,2.66,12.37,2.81,4.7
1/4/2019 6:45,2.65,12.38,2.81,4.7
1/4/2019 7:00,2.64,12.38,2.82,4.69
1/4/2019 7:15,2.64,12.37,2.82,4.67
1/4/2019 7:30,2.64,12.36,2.83,4.67
1/4/2019 7:45,2.65,12.37,2.82,4.66
1/4/2019 8:00,2.65,12.36,2.83,4.65
1/4/2019 8:15,2.66,12.37,2.83,4.65
1/4/2019 8:30,2.66,12.37,2.83,4.64
1/4/2019 8:45,2.67,12.35,2.84,4.64
1/4/2019 9:00,2.67,12.35,2.84,4.63
1/4/2019 9:15,2.68,12.34,2.85,4.63
1/4/2019 9:30,2.68,12.35,2.85,4.62
1/4/2019 9:45,2.68,12.35,2.85,4.62
1/4/2019 10:00,2.68,12.36,2.84,4.62
1/4/2019 10:15,2.68,12.36,2.84,4.61
1/4/2019 10:30,2.67,12.36,2.85,4.61
1/4/2019 10:45,2.66,12.36,2.86,4.61
1/4/2019 11:00,2.65,12.35,2.87,4.61
1/4/2019 11:15,2.78,12.36,2.86,4.6
1/4/2019 11:30,2.8,12.35,2.87,4.61
1/4/2019 11:45,2.76,12.36,2.87,4.61
1/4/2019 12:00,2.74,12.35,2.89,4.61
1/4/2019 12:15,2.73,12.36,2.89,4.61
1/4/2019 12:30,2.63,12.34,2.88,4.62
1/4/2019 12:45,2.51,12.34,2.89,4.63
1/4/2019 13:00,2.59,12.33,2.89,4.64
1/4/2019 13:15,2.66,12.34,2.9,4.65
1/4/2019 13:30,2.7,12.33,2.89,4.67
1/4/2019 13:45,2.7,12.33,2.88,4.68
1/4/2019 14:00,2.71,12.34,2.87,4.7
1/4/2019 14:15,2.71,12.34,2.88,4.72
1/4/2019 14:30,2.71,12.33,2.87,4.73
1/4/2019 14:45,2.72,12.32,2.89,4.75
1/4/2019 15:00,2.73,12.34,2.88,4.77
1/4/2019 15:15,2.72,12.29,2.88,4.79
1/4/2019 15:30,2.72,12.3,2.89,4.81
1/4/2019 15:45,2.7,12.3,2.9,4.82
1/4/2019 16:00,2.69,12.3,2.9,4.83
1/4/2019 16:15,2.67,12.3,2.9,4.84
1/4/2019 16:30,2.65,12.3,2.9,4.84
1/4/2019 16:45,2.64,12.3,2.89,4.84
1/4/2019 17:00,2.61,12.3,2.88,4.84
1/4/2019 17:15,2.61,12.3,2.87,4.84
1/4/2019 17:30,2.6,12.31,2.88,4.84
1/4/2019 17:45,2.61,12.3,2.88,4.84
1/4/2019 18:00,2.62,12.3,2.88,4.84
1/4/2019 18:15,2.63,12.3,2.87,4.84
1/4/2019 18:30,2.64,12.29,2.86,4.84
1/4/2019 18:45,2.63,12.28,2.86,4.84
1/4/2019 19:00,2.63,12.29,2.87,4.84
1/4/2019 19:15,2.63,12.29,2.87,4.83
1/4/2019 19:30,2.63,12.3,2.87,4.83
1/4/2019 19:45,2.63,12.3,2.87,4.83
1/4/2019 20:00,2.62,12.3,2.86,4.83
1/4/2019 20:15,2.62,12.3,2.86,4.83
1/4/2019 20:30,2.62,12.31,2.86,4.83
1/4/2019 20:45,2.62,12.29,2.85,4.83
1/4/2019 21:00,2.63,12.3,2.85,4.83
1/4/2019 21:15,2.63,12.3,2.84,4.83
1/4/2019 21:30,2.63,12.3,2.84,4.82
1/4/2019 21:45,2.63,12.31,2.84,4.82
1/4/2019 22:00,2.63,12.31,2.82,4.82
1/4/2019 22:15,2.63,12.31,2.82,4.82
1/4/2019 22:30,2.62,12.33,2.81,4.82
1/4/2019 22:45,2.63,12.34,2.81,4.82
1/4/2019 23:00,2.63,12.35,2.8,4.82
1/4/2019 23:15,2.63,12.35,2.8,4.82
1/4/2019 23:30,2.63,12.36,2.79,4.81
1/4/2019 23:45,2.62,12.37,2.79,4.81
1/5/2019 0:00,2.62,12.37,2.79,4.81
1/5/2019 0:15,2.63,12.38,2.79,4.81
1/5/2019 0:30,2.62,12.38,2.78,4.81
1/5/2019 0:45,2.61,12.39,2.77,4.8
1/5/2019 1:00,2.6,12.4,2.78,4.8
1/5/2019 1:15,2.59,12.4,2.78,4.8
1/5/2019 1:30,2.59,12.4,2.78,4.8
1/5/2019 1:45,2.59,12.4,2.78,4.79
1/5/2019 2:00,2.58,12.36,2.78,4.79
1/5/2019 2:15,2.58,12.37,2.78,4.79
1/5/2019 2:30,2.58,12.37,2.77,4.79
1/5/2019 2:45,2.58,12.37,2.77,4.79
1/5/2019 3:00,2.58,12.37,2.76,4.78
1/5/2019 3:15,2.58,12.38,2.75,4.78
1/5/2019 3:30,2.56,12.38,2.75,4.77
1/5/2019 3:45,2.56,12.39,2.75,4.77
1/5/2019 4:00,2.59,12.38,2.75,4.76
1/5/2019 4:15,2.62,12.38,2.75,4.75
1/5/2019 4:30,2.65,12.36,2.75,4.74
1/5/2019 4:45,2.67,12.37,2.74,4.74
1/5/2019 5:00,2.69,12.37,2.74,4.73
1/5/2019 5:15,2.7,12.38,2.74,4.72
1/5/2019 5:30,2.71,12.38,2.74,4.72
1/5/2019 5:45,2.72,12.38,2.73,4.71
1/5/2019 6:00,2.72,12.37,2.73,4.7
1/5/2019 6:15,2.71,12.38,2.73,4.7
1/5/2019 6:30,2.72,12.36,2.73,4.69
1/5/2019 6:45,2.72,12.36,2.72,4.68
1/5/2019 7:00,2.72,12.35,2.72,4.68
1/5/2019 7:15,2.72,12.34,2.72,4.67
1/5/2019 7:30,2.72,12.37,2.72,4.67
1/5/2019 7:45,2.73,12.36,2.72,4.66
1/5/2019 8:00,2.73,12.36,2.72,4.66
1/5/2019 8:15,2.73,12.35,2.72,4.65
1/5/2019 8:30,2.73,12.34,2.72,4.65
1/5/2019 8:45,2.74,12.33,2.72,4.64
1/5/2019 9:00,2.76,12.33,2.72,4.64
1/5/2019 9:15,2.77,12.33,2.72,4.63
1/5/2019 9:30,2.75,12.33,2.73,4.63
1/5/2019 9:45,2.73,12.33,2.73,4.62
1/5/2019 10:00,2.71,12.32,2.74,4.62
1/5/2019 10:15,2.69,12.34,2.76,4.61
1/5/2019 10:30,2.7,12.33,2.76,4.61
1/5/2019 10:45,2.69,12.32,2.79,4.61
1/5/2019 11:00,2.71,12.31,2.81,4.6
1/5/2019 11:15,2.71,12.32,2.83,4.6
1/5/2019 11:30,2.74,12.31,2.83,4.59
1/5/2019 11:45,2.78,12.31,2.86,4.59
1/5/2019 12:00,2.78,12.31,2.87,4.59
1/5/2019 12:15,2.76,12.31,2.89,4.59
1/5/2019 12:30,2.71,12.32,2.89,4.59
1/5/2019 12:45,2.68,12.32,2.89,4.6
1/5/2019 13:00,2.67,12.31,2.9,4.6
1/5/2019 13:15,2.66,12.32,2.91,4.61
1/5/2019 13:30,2.65,12.31,2.9,4.62
1/5/2019 13:45,2.63,12.32,2.92,4.64
1/5/2019 14:00,2.62,12.31,2.92,4.65
1/5/2019 14:15,2.61,12.31,2.93,4.67
1/5/2019 14:30,2.6,12.3,2.91,4.68
1/5/2019 14:45,2.59,12.33,2.91,4.68
1/5/2019 15:00,2.59,12.32,2.93,4.69
1/5/2019 15:15,2.59,12.31,2.93,4.69
1/5/2019 15:30,2.59,12.31,2.92,4.7
1/5/2019 15:45,2.59,12.3,2.92,4.7
1/5/2019 16:00,2.59,12.3,2.92,4.69
1/5/2019 16:15,2.59,12.31,2.92,4.69
1/5/2019 16:30,2.59,12.3,2.92,4.69
1/5/2019 16:45,2.58,12.31,2.92,4.69
1/5/2019 17:00,2.58,12.32,2.92,4.69
1/5/2019 17:15,2.58,12.31,2.9,4.7
1/5/2019 17:30,2.58,12.32,2.89,4.7
1/5/2019 17:45,2.58,12.3,2.88,4.7
1/5/2019 18:00,2.58,12.31,2.88,4.71
1/5/2019 18:15,2.58,12.3,2.87,4.71
1/5/2019 18:30,2.57,12.29,2.86,4.72
1/5/2019 18:45,2.57,12.3,2.85,4.73
1/5/2019 19:00,2.57,12.31,2.84,4.74
1/5/2019 19:15,2.57,12.31,2.82,4.75
1/5/2019 19:30,2.57,12.32,2.81,4.76
1/5/2019 19:45,2.57,12.32,2.81,4.77
1/5/2019 20:00,2.57,12.33,2.8,4.78
1/5/2019 20:15,2.57,12.31,2.79,4.79
1/5/2019 20:30,2.57,12.3,2.79,4.79
1/5/2019 20:45,2.57,12.31,2.78,4.8
1/5/2019 21:00,2.57,12.3,2.78,4.81
1/5/2019 21:15,2.57,12.3,2.78,4.81
1/5/2019 21:30,2.57,12.32,2.78,4.82
1/5/2019 21:45,2.58,12.32,2.78,4.83
1/5/2019 22:00,2.58,12.32,2.77,4.83
1/5/2019 22:15,2.58,12.32,2.76,4.84
1/5/2019 22:30,2.58,12.32,2.77,4.84
1/5/2019 22:45,2.58,12.33,2.76,4.84
1/5/2019 23:00,2.58,12.34,2.77,4.84
1/5/2019 23:15,2.58,12.35,2.76,4.84
1/5/2019 23:30,2.58,12.39,2.76,4.84
1/5/2019 23:45,2.57,12.37,2.75,4.84
1/6/2019 0:00,2.58,12.37,2.75,4.84
1/6/2019 0:15,2.57,12.37,2.75,4.84
1/6/2019 0:30,2.58,12.38,2.75,4.83
1/6/2019 0:45,2.58,12.4,2.76,4.83
1/6/2019 1:00,2.57,12.41,2.76,4.83
1/6/2019 1:15,2.58,12.4,2.75,4.82
1/6/2019 1:30,2.57,12.41,2.75,4.82
1/6/2019 1:45,2.57,12.41,2.75,4.81
1/6/2019 2:00,2.57,12.4,2.75,4.8
1/6/2019 2:15,2.57,12.4,2.75,4.8
1/6/2019 2:30,2.57,12.41,2.75,4.79
1/6/2019 2:45,2.57,12.42,2.75,4.78
1/6/2019 3:00,2.57,12.42,2.76,4.77
1/6/2019 3:15,2.57,12.43,2.76,4.77
1/6/2019 3:30,2.57,12.42,2.75,4.76
1/6/2019 3:45,2.57,12.42,2.73,4.75
1/6/2019 4:00,2.57,12.42,2.74,4.75
1/6/2019 4:15,2.57,12.46,2.74,4.74
1/6/2019 4:30,2.57,12.47,2.75,4.73
1/6/2019 4:45,2.57,12.48,2.75,4.72
1/6/2019 5:00,2.57,12.5,2.75,4.72
1/6/2019 5:15,2.57,12.51,2.75,4.71
1/6/2019 5:30,2.56,12.55,2.75,4.71
1/6/2019 5:45,2.56,12.56,2.76,4.7
1/6/2019 6:00,2.56,12.57,2.75,4.7
1/6/2019 6:15,2.56,12.59,2.75,4.69
1/6/2019 6:30,2.56,12.6,2.75,4.68
1/6/2019 6:45,2.57,12.61,2.75,4.68
1/6/2019 7:00,2.58,12.62,2.75,4.67
1/6/2019 7:15,2.58,12.63,2.75,4.67
1/6/2019 7:30,2.59,12.64,2.75,4.66
1/6/2019 7:45,2.59,12.64,2.75,4.66
1/6/2019 8:00,2.59,12.65,2.75,4.65
1/6/2019 8:15,2.6,12.66,2.75,4.65
1/6/2019 8:30,2.6,12.66,2.75,4.64
1/6/2019 8:45,2.6,12.67,2.75,4.64
1/6/2019 9:00,2.6,12.67,2.74,4.64
1/6/2019 9:15,2.6,12.67,2.74,4.63
1/6/2019 9:30,2.6,12.67,2.74,4.63
1/6/2019 9:45,2.6,12.69,2.74,4.63
1/6/2019 10:00,2.6,12.69,2.74,4.62
1/6/2019 10:15,2.6,12.67,2.75,4.62
1/6/2019 10:30,2.6,12.7,2.74,4.62
1/6/2019 10:45,2.59,12.68,2.75,4.62
1/6/2019 11:00,2.6,12.69,2.75,4.62
1/6/2019 11:15,2.6,12.7,2.75,4.62
1/6/2019 11:30,2.6,12.69,2.75,4.61
1/6/2019 11:45,2.6,12.67,2.74,4.61
1/6/2019 12:00,2.6,12.68,2.74,4.61
1/6/2019 12:15,2.6,12.68,2.76,4.61
1/6/2019 12:30,2.6,12.67,2.76,4.61
1/6/2019 12:45,2.6,12.68,2.75,4.61
1/6/2019 13:00,2.61,12.67,2.75,4.61
1/6/2019 13:15,2.61,12.67,2.76,4.61
1/6/2019 13:30,2.61,12.68,2.76,4.61
1/6/2019 13:45,2.61,12.69,2.77,4.61
1/6/2019 14:00,2.61,12.68,2.77,4.61
1/6/2019 14:15,2.61,12.68,2.76,4.62
1/6/2019 14:30,2.61,12.68,2.76,4.62
1/6/2019 14:45,2.61,12.69,2.77,4.62
1/6/2019 15:00,2.61,12.68,2.77,4.62
1/6/2019 15:15,2.61,12.68,2.77,4.63
1/6/2019 15:30,2.61,12.68,2.77,4.63
1/6/2019 15:45,2.62,12.68,2.77,4.64
1/6/2019 16:00,2.62,12.68,2.77,4.64
1/6/2019 16:15,2.62,12.68,2.77,4.65
1/6/2019 16:30,2.62,12.68,2.77,4.65
1/6/2019 16:45,2.61,12.67,2.78,4.65
1/6/2019 17:00,2.61,12.67,2.79,4.65
1/6/2019 17:15,2.61,12.67,2.78,4.65
1/6/2019 17:30,2.62,12.67,2.78,4.66
1/6/2019 17:45,2.62,12.67,2.78,4.66
1/6/2019 18:00,2.61,12.67,2.78,4.66
1/6/2019 18:15,2.62,12.67,2.77,4.66
1/6/2019 18:30,2.62,12.67,2.77,4.66
1/6/2019 18:45,2.62,12.67,2.77,4.66
1/6/2019 19:00,2.62,12.67,2.77,4.67
1/6/2019 19:15,2.62,12.67,2.77,4.67
1/6/2019 19:30,2.61,12.67,2.78,4.67
1/6/2019 19:45,2.59,12.68,2.78,4.67
1/6/2019 20:00,2.6,12.67,2.79,4.67
1/6/2019 20:15,2.59,12.67,2.79,4.68
1/6/2019 20:30,2.59,12.67,2.79,4.68
1/6/2019 20:45,2.59,12.67,2.78,4.68
1/6/2019 21:00,2.59,12.68,2.78,4.69
1/6/2019 21:15,2.58,12.68,2.78,4.69
1/6/2019 21:30,2.58,12.68,2.78,4.69
1/6/2019 21:45,2.59,12.68,2.78,4.69
1/6/2019 22:00,2.59,12.69,2.77,4.69
1/6/2019 22:15,2.59,12.7,2.78,4.7
1/6/2019 22:30,2.58,12.7,2.78,4.7
1/6/2019 22:45,2.58,12.71,2.78,4.7
1/6/2019 23:00,2.59,12.71,2.78,4.7
1/6/2019 23:15,2.58,12.71,2.78,4.7
1/6/2019 23:30,2.58,12.72,2.78,4.7
1/6/2019 23:45,2.62,12.73,2.78,4.71
1/7/2019 0:00,2.66,12.73,2.79,4.71
1/7/2019 0:15,2.68,12.73,2.79,4.71
1/7/2019 0:30,2.69,12.73,2.79,4.71
1/7/2019 0:45,2.67,12.73,2.79,4.71
1/7/2019 1:00,2.65,12.74,2.79,4.71
1/7/2019 1:15,2.63,12.74,2.79,4.71
1/7/2019 1:30,2.61,12.73,2.78,4.71
1/7/2019 1:45,2.6,12.74,2.77,4.71
1/7/2019 2:00,2.59,12.74,2.77,4.71
1/7/2019 2:15,2.59,12.75,2.76,4.72
1/7/2019 2:30,2.59,12.75,2.77,4.72
1/7/2019 2:45,2.59,12.75,2.77,4.72
1/7/2019 3:00,2.59,12.75,2.77,4.72
1/7/2019 3:15,2.59,12.74,2.76,4.72
1/7/2019 3:30,2.59,12.73,2.76,4.72
1/7/2019 3:45,2.58,12.74,2.77,4.72
1/7/2019 4:00,2.59,12.74,2.77,4.72
1/7/2019 4:15,2.58,12.74,2.77,4.72
1/7/2019 4:30,2.58,12.74,2.78,4.72
1/7/2019 4:45,2.58,12.74,2.79,4.72
1/7/2019 5:00,2.58,12.74,2.79,4.71
1/7/2019 5:15,2.59,12.74,2.8,4.71
1/7/2019 5:30,2.58,12.73,2.79,4.71
1/7/2019 5:45,2.58,12.74,2.79,4.7
1/7/2019 6:00,2.58,12.74,2.79,4.7
1/7/2019 6:15,2.58,12.74,2.78,4.69
1/7/2019 6:30,2.58,12.74,2.78,4.69
1/7/2019 6:45,2.58,12.73,2.78,4.68
1/7/2019 7:00,2.57,12.73,2.78,4.68
1/7/2019 7:15,2.58,12.73,2.78,4.67
1/7/2019 7:30,2.59,12.73,2.78,4.67
1/7/2019 7:45,2.6,12.73,2.78,4.67
1/7/2019 8:00,2.6,12.73,2.77,4.66
1/7/2019 8:15,2.61,12.73,2.76,4.66
1/7/2019 8:30,2.61,12.73,2.76,4.66
1/7/2019 8:45,2.61,12.73,2.76,4.65
1/7/2019 9:00,2.61,12.74,2.76,4.65
1/7/2019 9:15,2.61,12.75,2.76,4.65
1/7/2019 9:30,2.61,12.76,2.77,4.65
1/7/2019 9:45,2.61,12.77,2.76,4.65
1/7/2019 10:00,2.61,12.77,2.76,4.65
1/7/2019 10:15,2.61,12.78,2.76,4.64
1/7/2019 10:30,2.61,12.79,2.76,4.64
1/7/2019 10:45,2.61,12.79,2.76,4.64
1/7/2019 11:00,2.61,12.79,2.76,4.64
1/7/2019 11:15,2.61,12.79,2.76,4.64
1/7/2019 11:30,2.6,12.8,2.76,4.64
1/7/2019 11:45,2.6,12.8,2.77,4.64
1/7/2019 12:00,2.6,12.8,2.76,4.65
1/7/2019 12:15,2.6,12.8,2.76,4.65
1/7/2019 12:30,2.6,12.81,2.77,4.65
1/7/2019 12:45,2.6,12.82,2.77,4.65
1/7/2019 13:00,2.61,12.82,2.76,4.66
1/7/2019 13:15,2.61,12.83,2.77,4.66
1/7/2019 13:30,2.61,12.84,2.77,4.66
1/7/2019 13:45,2.61,12.85,2.77,4.67
1/7/2019 14:00,2.61,12.85,2.77,4.67
1/7/2019 14:15,2.61,12.85,2.78,4.67
1/7/2019 14:30,2.61,12.85,2.77,4.67
1/7/2019 14:45,2.61,12.86,2.78,4.68
1/7/2019 15:00,2.61,12.85,2.78,4.67
1/7/2019 15:15,2.61,12.85,2.79,4.68
1/7/2019 15:30,2.61,12.84,2.79,4.68
1/7/2019 15:45,2.61,12.84,2.79,4.68
1/7/2019 16:00,2.61,12.83,2.79,4.68
1/7/2019 16:15,2.6,12.83,2.79,4.68
1/7/2019 16:30,2.6,12.83,2.79,4.68
1/7/2019 16:45,2.6,12.82,2.78,4.68
1/7/2019 17:00,2.6,12.82,2.78,4.68
1/7/2019 17:15,2.6,12.82,2.77,4.68
1/7/2019 17:30,2.6,12.82,2.78,4.68
1/7/2019 17:45,2.6,12.82,2.78,4.69
1/7/2019 18:00,2.6,12.84,2.78,4.68
1/7/2019 18:15,2.6,12.83,2.79,4.68
1/7/2019 18:30,2.6,12.84,2.78,4.68
1/7/2019 18:45,2.6,12.84,2.78,4.68
1/7/2019 19:00,2.6,12.85,2.78,4.68
1/7/2019 19:15,2.6,12.84,2.79,4.68
1/7/2019 19:30,2.61,12.84,2.78,4.68
1/7/2019 19:45,2.61,12.83,2.78,4.68
1/7/2019 20:00,2.61,12.82,2.78,4.68
1/7/2019 20:15,2.62,12.81,2.78,4.68
1/7/2019 20:30,2.62,12.81,2.78,4.69
1/7/2019 20:45,2.62,12.82,2.78,4.68
1/7/2019 21:00,2.63,12.8,2.78,4.68
1/7/2019 21:15,2.64,12.8,2.79,4.68
1/7/2019 21:30,2.64,12.8,2.78,4.69
1/7/2019 21:45,2.64,12.79,2.78,4.68
1/7/2019 22:00,2.65,12.79,2.78,4.69
1/7/2019 22:15,2.65,12.78,2.78,4.69
1/7/2019 22:30,2.64,12.78,2.77,4.69
1/7/2019 22:45,2.65,12.77,2.77,4.69
1/7/2019 23:00,2.65,12.78,2.77,4.69
1/7/2019 23:15,2.66,12.78,2.77,4.7
1/7/2019 23:30,2.67,12.77,2.77,4.7
1/7/2019 23:45,2.67,12.77,2.77,4.7
1/8/2019 0:00,2.67,12.77,2.78,4.7
1/8/2019 0:15,2.67,12.77,2.78,4.7
1/8/2019 0:30,2.68,12.77,2.78,4.7
1/8/2019 0:45,2.68,12.77,2.78,4.7
1/8/2019 1:00,2.68,12.76,2.79,4.71
1/8/2019 1:15,2.68,12.76,2.78,4.7
1/8/2019 1:30,2.68,12.76,2.77,4.7
1/8/2019 1:45,2.67,12.76,2.78,4.7
1/8/2019 2:00,2.67,12.75,2.78,4.7
1/8/2019 2:15,2.67,12.75,2.77,4.71
1/8/2019 2:30,2.68,12.76,2.78,4.71
1/8/2019 2:45,2.68,12.76,2.79,4.71
1/8/2019 3:00,2.68,12.77,2.8,4.71
1/8/2019 3:15,2.67,12.77,2.81,4.71
1/8/2019 3:30,2.67,12.75,2.81,4.71
1/8/2019 3:45,2.67,12.76,2.81,4.71
1/8/2019 4:00,2.67,12.76,2.8,4.71
1/8/2019 4:15,2.67,12.78,2.82,4.71
1/8/2019 4:30,2.67,12.78,2.82,4.7
1/8/2019 4:45,2.67,12.79,2.82,4.7
1/8/2019 5:00,2.67,12.78,2.83,4.7
1/8/2019 5:15,2.67,12.79,2.84,4.7
1/8/2019 5:30,2.66,12.78,2.83,4.69
1/8/2019 5:45,2.66,12.78,2.83,4.69
1/8/2019 6:00,2.66,12.79,2.84,4.68
1/8/2019 6:15,2.66,12.79,2.83,4.68
1/8/2019 6:30,2.66,12.79,2.84,4.67
1/8/2019 6:45,2.66,12.79,2.82,4.67
1/8/2019 7:00,2.65,12.8,2.84,4.67
1/8/2019 7:15,2.65,12.79,2.83,4.66
1/8/2019 7:30,2.65,12.79,2.82,4.66
1/8/2019 7:45,2.64,12.78,2.83,4.66
1/8/2019 8:00,2.63,12.79,2.83,4.66
1/8/2019 8:15,2.62,12.79,2.83,4.65
1/8/2019 8:30,2.62,12.79,2.84,4.65
1/8/2019 8:45,2.61,12.78,2.84,4.66
1/8/2019 9:00,2.61,12.77,2.84,4.66
1/8/2019 9:15,2.61,12.78,2.84,4.66
1/8/2019 9:30,2.61,12.78,2.83,4.65
1/8/2019 9:45,2.61,12.78,2.83,4.66
1/8/2019 10:00,2.61,12.78,2.83,4.66
1/8/2019 10:15,2.61,12.77,2.83,4.66
1/8/2019 10:30,2.61,12.77,2.83,4.67
1/8/2019 10:45,2.61,12.79,2.83,4.67
1/8/2019 11:00,2.61,12.79,2.83,4.67
1/8/2019 11:15,2.61,12.79,2.84,4.67
1/8/2019 11:30,2.6,12.79,2.83,4.67
1/8/2019 11:45,2.59,12.79,2.84,4.68
1/8/2019 12:00,2.59,12.78,2.84,4.68
1/8/2019 12:15,2.58,12.77,2.84,4.68
1/8/2019 12:30,2.57,12.77,2.84,4.68
1/8/2019 12:45,2.57,12.77,2.82,4.69
1/8/2019 13:00,2.56,12.78,2.82,4.69
1/8/2019 13:15,2.56,12.78,2.81,4.7
1/8/2019 13:30,2.56,12.77,2.82,4.7
1/8/2019 13:45,2.56,12.77,2.81,4.71
1/8/2019 14:00,2.56,12.76,2.82,4.71
1/8/2019 14:15,2.56,12.76,2.8,4.71
1/8/2019 14:30,2.56,12.76,2.8,4.72
1/8/2019 14:45,2.55,12.75,2.8,4.72
1/8/2019 15:00,2.55,12.76,2.8,4.73
1/8/2019 15:15,2.56,12.76,2.8,4.73
1/8/2019 15:30,2.56,12.77,2.79,4.73
1/8/2019 15:45,2.57,12.78,2.79,4.74
1/8/2019 16:00,2.58,12.77,2.78,4.74
1/8/2019 16:15,2.59,12.77,2.78,4.74
1/8/2019 16:30,2.59,12.77,2.78,4.74
1/8/2019 16:45,2.59,12.77,2.77,4.74
1/8/2019 17:00,2.59,12.78,2.78,4.74
1/8/2019 17:15,2.59,12.77,2.78,4.74
1/8/2019 17:30,2.58,12.77,2.78,4.74
1/8/2019 17:45,2.57,12.77,2.77,4.74
1/8/2019 18:00,2.57,12.76,2.77,4.74
1/8/2019 18:15,2.56,12.76,2.76,4.74
1/8/2019 18:30,2.56,12.77,2.75,4.74
1/8/2019 18:45,2.56,12.76,2.74,4.74
1/8/2019 19:00,2.55,12.77,2.75,4.74
1/8/2019 19:15,2.55,12.77,2.74,4.74
1/8/2019 19:30,2.55,12.78,2.74,4.74
1/8/2019 19:45,2.55,12.79,2.74,4.74
1/8/2019 20:00,2.56,12.79,2.74,4.74
1/8/2019 20:15,2.58,12.79,2.74,4.74
1/8/2019 20:30,2.58,12.78,2.75,4.74
1/8/2019 20:45,2.59,12.78,2.75,4.74
1/8/2019 21:00,2.6,12.77,2.76,4.74
1/8/2019 21:15,2.61,12.78,2.76,4.74
1/8/2019 21:30,2.62,12.78,2.76,4.74
1/8/2019 21:45,2.63,12.78,2.76,4.73
1/8/2019 22:00,2.63,12.79,2.76,4.73
1/8/2019 22:15,2.64,12.8,2.76,4.73
1/8/2019 22:30,2.64,12.8,2.76,4.72
1/8/2019 22:45,2.65,12.81,2.75,4.72
1/8/2019 23:00,2.65,12.81,2.75,4.72
1/8/2019 23:15,2.65,12.8,2.75,4.72
1/8/2019 23:30,2.65,12.8,2.75,4.71
1/8/2019 23:45,2.65,12.81,2.75,4.71
1/9/2019 0:00,2.65,12.82,2.75,4.71
1/9/2019 0:15,2.65,12.82,2.75,4.71
1/9/2019 0:30,2.64,12.82,2.75,4.7
1/9/2019 0:45,2.63,12.81,2.74,4.7
1/9/2019 1:00,2.62,12.8,2.75,4.7
1/9/2019 1:15,2.62,12.8,2.75,4.7
1/9/2019 1:30,2.63,12.82,2.75,4.69
1/9/2019 1:45,2.63,12.82,2.75,4.69
1/9/2019 2:00,2.64,12.82,2.76,4.69
1/9/2019 2:15,2.65,12.83,2.77,4.69
1/9/2019 2:30,2.65,12.82,2.77,4.69
1/9/2019 2:45,2.65,12.83,2.77,4.69
1/9/2019 3:00,2.65,12.82,2.77,4.68
1/9/2019 3:15,2.65,12.82,2.79,4.68
1/9/2019 3:30,2.64,12.81,2.78,4.68
1/9/2019 3:45,2.64,12.81,2.79,4.67
1/9/2019 4:00,2.64,12.79,2.79,4.67
1/9/2019 4:15,2.64,12.78,2.79,4.67
1/9/2019 4:30,2.64,12.78,2.8,4.67
1/9/2019 4:45,2.63,12.78,2.8,4.67
1/9/2019 5:00,2.63,12.78,2.79,4.66
1/9/2019 5:15,2.63,12.79,2.8,4.66
1/9/2019 5:30,2.63,12.8,2.81,4.66
1/9/2019 5:45,2.63,12.79,2.79,4.66
1/9/2019 6:00,2.62,12.78,2.78,4.65
1/9/2019 6:15,2.62,12.79,2.79,4.65
1/9/2019 6:30,2.62,12.79,2.8,4.65
1/9/2019 6:45,2.62,12.8,2.81,4.64
1/9/2019 7:00,2.62,12.79,2.8,4.64
1/9/2019 7:15,2.62,12.79,2.79,4.64
1/9/2019 7:30,2.61,12.78,2.79,4.63
1/9/2019 7:45,2.61,12.77,2.8,4.63
1/9/2019 8:00,2.61,12.76,2.8,4.63
1/9/2019 8:15,2.61,12.77,2.8,4.63
1/9/2019 8:30,2.61,12.77,2.8,4.63
1/9/2019 8:45,2.61,12.77,2.8,4.63
1/9/2019 9:00,2.61,12.78,2.8,4.63
1/9/2019 9:15,2.61,12.79,2.8,4.64
1/9/2019 9:30,2.61,12.77,2.8,4.64
1/9/2019 9:45,2.61,12.77,2.8,4.64
1/9/2019 10:00,2.61,12.75,2.8,4.64
1/9/2019 10:15,2.61,12.75,2.8,4.64
1/9/2019 10:30,2.61,12.76,2.79,4.64
1/9/2019 10:45,2.62,12.76,2.8,4.64
1/9/2019 11:00,2.61,12.77,2.8,4.65
1/9/2019 11:15,2.62,12.76,2.79,4.65
1/9/2019 11:30,2.61,12.75,2.79,4.65
1/9/2019 11:45,2.61,12.74,2.79,4.65
1/9/2019 12:00,2.61,12.74,2.79,4.66
1/9/2019 12:15,2.6,12.73,2.79,4.66
1/9/2019 12:30,2.6,12.74,2.8,4.66
1/9/2019 12:45,2.61,12.75,2.79,4.67
1/9/2019 13:00,2.6,12.76,2.79,4.66
1/9/2019 13:15,2.61,12.76,2.78,4.67
1/9/2019 13:30,2.6,12.76,2.79,4.67
1/9/2019 13:45,2.61,12.77,2.78,4.67
1/9/2019 14:00,2.6,12.77,2.79,4.68
1/9/2019 14:15,2.61,12.78,2.79,4.68
1/9/2019 14:30,2.6,12.78,2.79,4.69
1/9/2019 14:45,2.6,12.78,2.78,4.69
1/9/2019 15:00,2.6,12.77,2.78,4.69
1/9/2019 15:15,2.6,12.76,2.78,4.7
1/9/2019 15:30,2.6,12.76,2.78,4.7
1/9/2019 15:45,2.6,12.78,2.78,4.7
1/9/2019 16:00,2.6,12.78,2.77,4.71
1/9/2019 16:15,2.6,12.79,2.77,4.71
1/9/2019 16:30,2.6,12.78,2.78,4.71
1/9/2019 16:45,2.6,12.77,2.78,4.71
1/9/2019 17:00,2.6,12.76,2.78,4.71
1/9/2019 17:15,2.6,12.76,2.78,4.72
1/9/2019 17:30,2.6,12.77,2.78,4.72
1/9/2019 17:45,2.6,12.77,2.78,4.72
1/9/2019 18:00,2.6,12.77,2.78,4.72
1/9/2019 18:15,2.6,12.78,2.78,4.72
1/9/2019 18:30,2.6,12.79,2.78,4.72
1/9/2019 18:45,2.6,12.8,2.77,4.72
1/9/2019 19:00,2.6,12.81,2.77,4.72
1/9/2019 19:15,2.6,12.8,2.77,4.72
1/9/2019 19:30,2.6,12.8,2.77,4.72
1/9/2019 19:45,2.59,12.8,2.78,4.72
1/9/2019 20:00,2.58,12.79,2.77,4.71
1/9/2019 20:15,2.58,12.78,2.77,4.71
1/9/2019 20:30,2.58,12.77,2.77,4.71
1/9/2019 20:45,2.58,12.79,2.77,4.71
1/9/2019 21:00,2.59,12.8,2.77,4.71
1/9/2019 21:15,2.59,12.8,2.77,4.71
1/9/2019 21:30,2.6,12.8,2.76,4.71
1/9/2019 21:45,2.6,12.8,2.77,4.7
1/9/2019 22:00,2.61,12.81,2.76,4.7
1/9/2019 22:15,2.61,12.82,2.76,4.7
1/9/2019 22:30,2.61,12.82,2.77,4.7
1/9/2019 22:45,2.62,12.83,2.77,4.7
1/9/2019 23:00,2.62,12.83,2.77,4.7
1/9/2019 23:15,2.62,12.83,2.77,4.69
1/9/2019 23:30,2.63,12.84,2.77,4.69
1/9/2019 23:45,2.66,12.85,2.77,4.7
1/10/2019 0:00,2.7,12.85,2.77,4.69
1/10/2019 0:15,2.72,12.84,2.77,4.69
1/10/2019 0:30,2.73,12.84,2.76,4.69
1/10/2019 0:45,2.72,12.84,2.76,4.69
1/10/2019 1:00,2.7,12.84,2.76,4.69
1/10/2019 1:15,2.68,12.83,2.76,4.69
1/10/2019 1:30,2.66,12.83,2.76,4.69
1/10/2019 1:45,2.66,12.83,2.76,4.69
1/10/2019 2:00,2.66,12.83,2.76,4.69
1/10/2019 2:15,2.67,12.83,2.75,4.69
1/10/2019 2:30,2.68,12.84,2.76,4.69
1/10/2019 2:45,2.69,12.84,2.76,4.69
1/10/2019 3:00,2.7,12.85,2.77,4.69
1/10/2019 3:15,2.72,12.85,2.77,4.69
1/10/2019 3:30,2.73,12.84,2.77,4.69
1/10/2019 3:45,2.75,12.85,2.78,4.69
1/10/2019 4:00,2.76,12.85,2.78,4.69
1/10/2019 4:15,2.78,12.86,2.79,4.7
1/10/2019 4:30,2.79,12.86,2.78,4.69
1/10/2019 4:45,2.8,12.84,2.79,4.69
1/10/2019 5:00,2.81,12.83,2.8,4.69
1/10/2019 5:15,2.82,12.83,2.82,4.69
1/10/2019 5:30,2.83,12.83,2.82,4.68
1/10/2019 5:45,2.83,12.83,2.81,4.68
1/10/2019 6:00,2.84,12.84,2.82,4.68
1/10/2019 6:15,2.85,12.83,2.82,4.67
1/10/2019 6:30,2.85,12.83,2.82,4.67
1/10/2019 6:45,2.86,12.83,2.83,4.67
1/10/2019 7:00,2.87,12.82,2.82,4.66
1/10/2019 7:15,2.87,12.82,2.83,4.66
1/10/2019 7:30,2.87,12.81,2.83,4.66
1/10/2019 7:45,2.87,12.81,2.84,4.65
1/10/2019 8:00,2.89,12.81,2.85,4.65
1/10/2019 8:15,2.87,12.81,2.85,4.65
1/10/2019 8:30,2.87,12.8,2.86,4.64
1/10/2019 8:45,2.87,12.8,2.87,4.64
1/10/2019 9:00,2.88,12.8,2.88,4.63
1/10/2019 9:15,2.88,12.8,2.89,4.63
1/10/2019 9:30,2.89,12.79,2.89,4.63
1/10/2019 9:45,2.89,12.79,2.9,4.63
1/10/2019 10:00,2.88,12.79,2.91,4.63
1/10/2019 10:15,2.89,12.79,2.91,4.63
1/10/2019 10:30,2.89,12.79,2.93,4.63
1/10/2019 10:45,2.89,12.8,2.93,4.63
1/10/2019 11:00,2.88,12.8,2.96,4.63
1/10/2019 11:15,2.88,12.8,2.97,4.63
1/10/2019 11:30,2.88,12.8,2.97,4.63
1/10/2019 11:45,2.89,12.79,2.97,4.64
1/10/2019 12:00,2.89,12.79,2.98,4.64
1/10/2019 12:15,2.9,12.79,2.99,4.64
1/10/2019 12:30,2.91,12.8,3.01,4.64
1/10/2019 12:45,2.91,12.79,3,4.65
1/10/2019 13:00,2.9,12.78,3,4.65
1/10/2019 13:15,2.9,12.78,3.01,4.66
1/10/2019 13:30,2.9,12.78,3.02,4.66
1/10/2019 13:45,2.91,12.78,3.03,4.67
1/10/2019 14:00,2.91,12.79,3.03,4.68
1/10/2019 14:15,2.91,12.79,3.03,4.69
1/10/2019 14:30,2.91,12.8,3.03,4.7
1/10/2019 14:45,2.89,12.79,3.04,4.71
1/10/2019 15:00,2.89,12.78,3.04,4.72
1/10/2019 15:15,2.9,12.78,3.04,4.73
1/10/2019 15:30,2.9,12.77,3.04,4.73
1/10/2019 15:45,2.89,12.77,3.04,4.74
1/10/2019 16:00,2.88,12.77,3.04,4.75
1/10/2019 16:15,2.89,12.77,3.04,4.76
1/10/2019 16:30,2.9,12.78,3.05,4.77
1/10/2019 16:45,2.9,12.79,3.06,4.78
1/10/2019 17:00,2.9,12.79,3.05,4.79
1/10/2019 17:15,2.91,12.79,3.05,4.8
1/10/2019 17:30,2.91,12.78,3.04,4.8
1/10/2019 17:45,2.91,12.79,3.04,4.81
1/10/2019 18:00,2.9,12.79,3.05,4.83
1/10/2019 18:15,2.89,12.79,3.03,4.83
1/10/2019 18:30,2.9,12.8,3.04,4.84
1/10/2019 18:45,2.9,12.8,3.05,4.85
1/10/2019 19:00,2.91,12.8,3.05,4.86
1/10/2019 19:15,2.91,12.8,3.04,4.86
1/10/2019 19:30,2.91,12.8,3.04,4.87
1/10/2019 19:45,2.92,12.8,3.06,4.88
1/10/2019 20:00,2.93,12.79,3.05,4.89
1/10/2019 20:15,2.93,12.77,3.05,4.89
1/10/2019 20:30,2.94,12.76,3.05,4.9
1/10/2019 20:45,2.94,12.74,3.05,4.9
1/10/2019 21:00,2.94,12.73,3.04,4.91
1/10/2019 21:15,2.94,12.73,3.05,4.91
1/10/2019 21:30,2.94,12.73,3.06,4.92
1/10/2019 21:45,2.94,12.73,3.07,4.92
1/10/2019 22:00,2.95,12.73,3.07,4.92
1/10/2019 22:15,2.96,12.74,3.07,4.92
1/10/2019 22:30,2.96,12.76,3.06,4.92
1/10/2019 22:45,2.96,12.77,3.06,4.92
1/10/2019 23:00,3,12.79,3.06,4.92
1/10/2019 23:15,3.02,12.8,3.07,4.92
1/10/2019 23:30,3.04,12.81,3.08,4.93
1/10/2019 23:45,3.05,12.79,3.09,4.93
1/11/2019 0:00,3.06,12.8,3.1,4.93
1/11/2019 0:15,3.06,12.8,3.1,4.93
1/11/2019 0:30,3.04,12.8,3.1,4.93
1/11/2019 0:45,3.02,12.81,3.1,4.93
1/11/2019 1:00,3,12.81,3.09,4.93
1/11/2019 1:15,2.99,12.8,3.09,4.93
1/11/2019 1:30,2.97,12.8,3.11,4.93
1/11/2019 1:45,2.96,12.8,3.1,4.93
1/11/2019 2:00,2.94,12.8,3.11,4.93
1/11/2019 2:15,2.95,12.8,3.11,4.94
1/11/2019 2:30,2.95,12.8,3.12,4.94
1/11/2019 2:45,2.94,12.8,3.12,4.94
1/11/2019 3:00,2.94,12.8,3.14,4.94
1/11/2019 3:15,2.94,12.79,3.15,4.94
1/11/2019 3:30,2.93,12.8,3.15,4.94
1/11/2019 3:45,2.93,12.8,3.16,4.94
1/11/2019 4:00,2.93,12.79,3.17,4.94
1/11/2019 4:15,2.92,12.78,3.17,4.94
1/11/2019 4:30,2.92,12.79,3.17,4.94
1/11/2019 4:45,2.93,12.79,3.17,4.94
1/11/2019 5:00,2.94,12.8,3.17,4.94
1/11/2019 5:15,2.94,12.8,3.15,4.94
1/11/2019 5:30,2.94,12.8,3.13,4.94
1/11/2019 5:45,2.95,12.8,3.13,4.94
1/11/2019 6:00,2.95,12.8,3.12,4.94
1/11/2019 6:15,2.95,12.79,3.12,4.94
1/11/2019 6:30,2.96,12.79,3.12,4.94
1/11/2019 6:45,2.96,12.78,3.12,4.94
1/11/2019 7:00,2.95,12.77,3.11,4.95
1/11/2019 7:15,2.97,12.76,3.12,4.94
1/11/2019 7:30,2.98,12.75,3.11,4.95
1/11/2019 7:45,2.99,12.74,3.11,4.95
1/11/2019 8:00,3,12.73,3.12,4.95
1/11/2019 8:15,3.01,12.73,3.13,4.95
1/11/2019 8:30,3.02,12.73,3.14,4.95
1/11/2019 8:45,3.02,12.72,3.14,4.95
1/11/2019 9:00,3.02,12.72,3.14,4.96
1/11/2019 9:15,3.02,12.71,3.13,4.96
1/11/2019 9:30,3.03,12.69,3.13,4.96
1/11/2019 9:45,3.03,12.69,3.13,4.96
1/11/2019 10:00,3.04,12.68,3.11,4.96
1/11/2019 10:15,3.04,12.67,3.1,4.96
1/11/2019 10:30,3.04,12.67,3.11,4.96
1/11/2019 10:45,3.05,12.65,3.13,4.97
1/11/2019 11:00,3.07,12.64,3.13,4.97
1/11/2019 11:15,3.07,12.63,3.13,4.97
1/11/2019 11:30,3.07,12.63,3.14,4.97
1/11/2019 11:45,3.08,12.62,3.15,4.97
1/11/2019 12:00,3.09,12.61,3.16,4.97
1/11/2019 12:15,3.09,12.62,3.17,4.97
1/11/2019 12:30,3.09,12.6,3.18,4.97
1/11/2019 12:45,3.09,12.58,3.16,4.97
1/11/2019 13:00,3.09,12.59,3.16,4.98
1/11/2019 13:15,3.1,12.59,3.17,4.97
1/11/2019 13:30,3.08,12.6,3.17,4.98
1/11/2019 13:45,3.08,12.6,3.16,4.98
1/11/2019 14:00,3.08,12.59,3.17,4.98
1/11/2019 14:15,3.07,12.59,3.18,4.97
1/11/2019 14:30,3.06,12.59,3.19,4.97
1/11/2019 14:45,3.06,12.59,3.2,4.97
1/11/2019 15:00,3.06,12.59,3.22,4.97
1/11/2019 15:15,3.07,12.6,3.23,4.97
1/11/2019 15:30,3.07,12.6,3.24,4.97
1/11/2019 15:45,3.07,12.59,3.24,4.97
1/11/2019 16:00,3.07,12.59,3.23,4.97
1/11/2019 16:15,3.08,12.57,3.24,4.97
1/11/2019 16:30,3.08,12.57,3.23,4.97
1/11/2019 16:45,3.08,12.57,3.23,4.98
1/11/2019 17:00,3.08,12.58,3.22,4.98
1/11/2019 17:15,3.08,12.59,3.23,4.98
1/11/2019 17:30,3.07,12.6,3.23,4.98
1/11/2019 17:45,3.07,12.59,3.23,4.98
1/11/2019 18:00,3.07,12.58,3.24,4.98
1/11/2019 18:15,3.06,12.56,3.24,4.98
1/11/2019 18:30,3.06,12.56,3.25,4.98
1/11/2019 18:45,3.05,12.55,3.25,4.99
1/11/2019 19:00,3.05,12.55,3.25,4.99
1/11/2019 19:15,3.04,12.56,3.24,4.99
1/11/2019 19:30,3.04,12.56,3.23,5
1/11/2019 19:45,3.04,12.56,3.23,5
1/11/2019 20:00,3.03,12.57,3.22,5
1/11/2019 20:15,3.03,12.57,3.22,5.01
1/11/2019 20:30,3.03,12.58,3.22,5.01
1/11/2019 20:45,3.03,12.58,3.22,5.01
1/11/2019 21:00,3.02,12.59,3.22,5.01
1/11/2019 21:15,3.02,12.58,3.22,5.02
1/11/2019 21:30,3.02,12.58,3.2,5.02
1/11/2019 21:45,3.01,12.58,3.19,5.03
1/11/2019 22:00,3.01,12.58,3.2,5.03
1/11/2019 22:15,3.01,12.58,3.21,5.03
1/11/2019 22:30,3,12.59,3.22,5.03
1/11/2019 22:45,3.01,12.59,3.22,5.04
1/11/2019 23:00,3,12.59,3.22,5.04
1/11/2019 23:15,3.01,12.6,3.22,5.04
1/11/2019 23:30,3.01,12.6,3.2,5.04
1/11/2019 23:45,3.01,12.6,3.2,5.04
1/12/2019 0:00,3.03,12.59,3.2,5.04
1/12/2019 0:15,3.06,12.59,3.2,5.04
1/12/2019 0:30,3.05,12.59,3.2,5.05
1/12/2019 0:45,3.04,12.58,3.19,5.05
1/12/2019 1:00,3.03,12.57,3.19,5.05
1/12/2019 1:15,3.03,12.56,3.2,5.05
1/12/2019 1:30,3.03,12.56,3.2,5.05
1/12/2019 1:45,3.02,12.55,3.2,5.05
1/12/2019 2:00,3.02,12.53,3.19,5.05
1/12/2019 2:15,3.02,12.51,3.19,5.05
1/12/2019 2:30,3.01,12.5,3.18,5.05
1/12/2019 2:45,3.01,12.48,3.18,5.05
1/12/2019 3:00,3,12.46,3.18,5.05
1/12/2019 3:15,3,12.47,3.18,5.05
1/12/2019 3:30,3,12.48,3.18,5.05
1/12/2019 3:45,3,12.46,3.17,5.05
1/12/2019 4:00,3,12.45,3.17,5.04
1/12/2019 4:15,2.99,12.44,3.17,5.04
1/12/2019 4:30,2.99,12.43,3.18,5.04
1/12/2019 4:45,3,12.42,3.17,5.04
1/12/2019 5:00,3,12.41,3.17,5.03
1/12/2019 5:15,3,12.41,3.17,5.03
1/12/2019 5:30,3,12.41,3.17,5.03
1/12/2019 5:45,3,12.41,3.18,5.03
1/12/2019 6:00,3.01,12.4,3.18,5.03
1/12/2019 6:15,3.02,12.4,3.18,5.02
1/12/2019 6:30,3.02,12.38,3.19,5.02
1/12/2019 6:45,3.02,12.37,3.18,5.01
1/12/2019 7:00,3.03,12.37,3.16,5.01
1/12/2019 7:15,3.03,12.38,3.17,5
1/12/2019 7:30,3.03,12.39,3.17,5
1/12/2019 7:45,3.03,12.39,3.17,5
1/12/2019 8:00,3.04,12.37,3.18,4.99
1/12/2019 8:15,3.03,12.35,3.17,4.99
1/12/2019 8:30,3.04,12.35,3.16,4.99
1/12/2019 8:45,3.04,12.36,3.16,4.98
1/12/2019 9:00,3.03,12.35,3.16,4.98
1/12/2019 9:15,3.02,12.36,3.15,4.98
1/12/2019 9:30,3.01,12.35,3.15,4.98
1/12/2019 9:45,3.01,12.35,3.16,4.98
1/12/2019 10:00,3.01,12.35,3.16,4.98
1/12/2019 10:15,3.01,12.34,3.15,4.97
1/12/2019 10:30,3,12.34,3.16,4.97
1/12/2019 10:45,2.99,12.34,3.16,4.97
1/12/2019 11:00,2.99,12.33,3.17,4.97
1/12/2019 11:15,2.99,12.33,3.17,4.97
1/12/2019 11:30,3,12.33,3.17,4.97
1/12/2019 11:45,3,12.32,3.18,4.97
1/12/2019 12:00,3,12.32,3.18,4.97
1/12/2019 12:15,2.99,12.32,3.18,4.97
1/12/2019 12:30,3,12.32,3.18,4.97
1/12/2019 12:45,3,12.33,3.18,4.97
1/12/2019 13:00,3,12.32,3.19,4.97
1/12/2019 13:15,3.01,12.34,3.18,4.97
1/12/2019 13:30,3,12.33,3.19,4.97
1/12/2019 13:45,3.01,12.31,3.19,4.97
1/12/2019 14:00,3.01,12.32,3.19,4.97
1/12/2019 14:15,3,12.31,3.18,4.97
1/12/2019 14:30,3,12.33,3.17,4.97
1/12/2019 14:45,3,12.33,3.18,4.98
1/12/2019 15:00,3,12.33,3.17,4.98
1/12/2019 15:15,3,12.34,3.17,4.98
1/12/2019 15:30,3.01,12.33,3.17,4.98
1/12/2019 15:45,3.01,12.31,3.17,4.98
1/12/2019 16:00,3.01,12.33,3.17,4.99
1/12/2019 16:15,3.01,12.33,3.17,4.99
1/12/2019 16:30,3.01,12.32,3.16,4.99
1/12/2019 16:45,3.01,12.31,3.15,5
1/12/2019 17:00,3.01,12.32,3.15,5
1/12/2019 17:15,3.02,12.32,3.15,5
1/12/2019 17:30,3.01,12.31,3.15,5
1/12/2019 17:45,3.02,12.31,3.14,5.01
1/12/2019 18:00,3.02,12.31,3.15,5.01
1/12/2019 18:15,3.03,12.32,3.14,5.02
1/12/2019 18:30,3.03,12.32,3.14,5.02
1/12/2019 18:45,3.04,12.32,3.15,5.02
1/12/2019 19:00,3.04,12.32,3.15,5.02
1/12/2019 19:15,3.05,12.33,3.16,5.02
1/12/2019 19:30,3.05,12.32,3.16,5.02
1/12/2019 19:45,3.07,12.31,3.16,5.02
1/12/2019 20:00,3.08,12.32,3.15,5.02
1/12/2019 20:15,3.09,12.3,3.16,5.02
1/12/2019 20:30,3.09,12.31,3.16,5.03
1/12/2019 20:45,3.1,12.32,3.16,5.02
1/12/2019 21:00,3.1,12.33,3.17,5.02
1/12/2019 21:15,3.1,12.33,3.17,5.02
1/12/2019 21:30,3.11,12.33,3.17,5.02
1/12/2019 21:45,3.1,12.32,3.17,5.02
1/12/2019 22:00,3.11,12.31,3.16,5.02
1/12/2019 22:15,3.11,12.31,3.16,5.01
1/12/2019 22:30,3.12,12.31,3.16,5.01
1/12/2019 22:45,3.13,12.31,3.16,5.01
1/12/2019 23:00,3.15,12.32,3.17,5.01
1/12/2019 23:15,3.16,12.33,3.18,5.01
1/12/2019 23:30,3.16,12.33,3.19,5.01
1/12/2019 23:45,3.16,12.32,3.2,5
1/13/2019 0:00,3.17,12.32,3.2,5
1/13/2019 0:15,3.17,12.32,3.21,5
1/13/2019 0:30,3.16,12.33,3.21,5
1/13/2019 0:45,3.14,12.33,3.21,5
1/13/2019 1:00,3.1,12.33,3.22,5
1/13/2019 1:15,3.09,12.32,3.23,5
1/13/2019 1:30,3.07,12.32,3.23,4.99
1/13/2019 1:45,3.06,12.34,3.24,4.99
1/13/2019 2:00,3.05,12.33,3.24,4.99
1/13/2019 2:15,3.04,12.35,3.25,4.99
1/13/2019 2:30,3.04,12.34,3.25,4.99
1/13/2019 2:45,3.03,12.33,3.25,4.99
1/13/2019 3:00,3.03,12.33,3.26,4.99
1/13/2019 3:15,3.03,12.34,3.25,4.99
1/13/2019 3:30,3.02,12.34,3.25,4.99
1/13/2019 3:45,3.01,12.33,3.26,4.99
1/13/2019 4:00,3.01,12.3,3.26,4.99
1/13/2019 4:15,3.01,12.3,3.26,4.99
1/13/2019 4:30,3.01,12.31,3.26,4.99
1/13/2019 4:45,3.01,12.32,3.26,4.99
1/13/2019 5:00,3.01,12.31,3.26,4.99
1/13/2019 5:15,3.01,12.33,3.26,5
1/13/2019 5:30,3.01,12.34,3.24,5
1/13/2019 5:45,3.01,12.34,3.24,5
1/13/2019 6:00,3.01,12.34,3.23,5
1/13/2019 6:15,3,12.34,3.21,5
1/13/2019 6:30,3,12.35,3.2,5.01
1/13/2019 6:45,3,12.38,3.2,5.01
1/13/2019 7:00,3.01,12.42,3.2,5.01
1/13/2019 7:15,3.02,12.46,3.18,5.02
1/13/2019 7:30,3.02,12.51,3.18,5.02
1/13/2019 7:45,3.01,12.53,3.18,5.02
1/13/2019 8:00,3.01,12.56,3.18,5.02
1/13/2019 8:15,3,12.6,3.18,5.02
1/13/2019 8:30,3,12.65,3.18,5.03
1/13/2019 8:45,3,12.67,3.17,5.03
1/13/2019 9:00,3,12.69,3.18,5.03
1/13/2019 9:15,3.01,12.7,3.17,5.03
1/13/2019 9:30,2.99,12.72,3.17,5.03
1/13/2019 9:45,2.99,12.73,3.17,5.03
1/13/2019 10:00,2.99,12.77,3.17,5.03
1/13/2019 10:15,2.99,12.77,3.17,5.03
1/13/2019 10:30,2.99,12.78,3.17,5.03
1/13/2019 10:45,2.99,12.79,3.16,5.02
1/13/2019 11:00,3,12.79,3.16,5.02
1/13/2019 11:15,3,12.79,3.16,5.02
1/13/2019 11:30,3,12.81,3.16,5.01
1/13/2019 11:45,2.98,12.81,3.16,5.02
1/13/2019 12:00,2.99,12.81,3.16,5.02
1/13/2019 12:15,2.99,12.81,3.17,5.02
1/13/2019 12:30,2.99,12.82,3.17,5.01
1/13/2019 12:45,3,12.82,3.17,5.01
1/13/2019 13:00,3,12.84,3.17,5.01
1/13/2019 13:15,3,12.85,3.17,5
1/13/2019 13:30,3.01,12.85,3.16,5
1/13/2019 13:45,3.01,12.85,3.16,5
1/13/2019 14:00,3.01,12.85,3.16,5
1/13/2019 14:15,3.02,12.85,3.16,5
1/13/2019 14:30,3.03,12.85,3.16,5
1/13/2019 14:45,3.03,12.85,3.16,5
1/13/2019 15:00,3.02,12.85,3.16,5
1/13/2019 15:15,3.02,12.85,3.16,5
1/13/2019 15:30,3.03,12.84,3.16,5
1/13/2019 15:45,3.05,12.83,3.15,5
1/13/2019 16:00,3.05,12.83,3.15,5
1/13/2019 16:15,3.05,12.84,3.15,5.01
1/13/2019 16:30,3.06,12.84,3.15,5.01
1/13/2019 16:45,3.05,12.84,3.14,5.01
1/13/2019 17:00,3.05,12.85,3.15,5.01
1/13/2019 17:15,3.06,12.85,3.15,5.01
1/13/2019 17:30,3.07,12.86,3.15,5.02
1/13/2019 17:45,3.07,12.86,3.16,5.02
1/13/2019 18:00,3.07,12.86,3.15,5.02
1/13/2019 18:15,3.07,12.86,3.16,5.02
1/13/2019 18:30,3.07,12.85,3.15,5.02
1/13/2019 18:45,3.08,12.85,3.17,5.03
1/13/2019 19:00,3.08,12.86,3.16,5.03
1/13/2019 19:15,3.08,12.86,3.16,5.03
1/13/2019 19:30,3.09,12.87,3.16,5.03
1/13/2019 19:45,3.09,12.87,3.18,5.03
1/13/2019 20:00,3.09,12.87,3.18,5.03
1/13/2019 20:15,3.09,12.87,3.18,5.02
1/13/2019 20:30,3.1,12.87,3.18,5.02
1/13/2019 20:45,3.09,12.87,3.17,5.02
1/13/2019 21:00,3.09,12.87,3.17,5.02
1/13/2019 21:15,3.09,12.86,3.18,5.02
1/13/2019 21:30,3.09,12.87,3.18,5.02
1/13/2019 21:45,3.11,12.86,3.18,5.02
1/13/2019 22:00,3.15,12.87,3.19,5.02
1/13/2019 22:15,3.17,12.87,3.19,5.03
1/13/2019 22:30,3.18,12.86,3.19,5.03
1/13/2019 22:45,3.19,12.86,3.2,5.03
1/13/2019 23:00,3.2,12.86,3.2,5.03
1/13/2019 23:15,3.2,12.87,3.21,5.03
1/13/2019 23:30,3.21,12.87,3.21,5.03
1/13/2019 23:45,3.21,12.88,3.21,5.03
1/14/2019 0:00,3.21,12.87,3.21,5.03
1/14/2019 0:15,3.21,12.88,3.21,5.03
1/14/2019 0:30,3.18,12.88,3.21,5.03
1/14/2019 0:45,3.15,12.89,3.22,5.03
1/14/2019 1:00,3.13,12.88,3.22,5.03
1/14/2019 1:15,3.12,12.88,3.22,5.03
1/14/2019 1:30,3.11,12.88,3.24,5.03
1/14/2019 1:45,3.1,12.88,3.24,5.04
1/14/2019 2:00,3.09,12.89,3.26,5.04
1/14/2019 2:15,3.09,12.89,3.28,5.04
1/14/2019 2:30,3.08,12.88,3.29,5.04
1/14/2019 2:45,3.08,12.88,3.29,5.04
1/14/2019 3:00,3.08,12.89,3.3,5.04
1/14/2019 3:15,3.07,12.89,3.3,5.04
1/14/2019 3:30,3.07,12.88,3.3,5.04
1/14/2019 3:45,3.07,12.88,3.29,5.04
1/14/2019 4:00,3.07,12.88,3.3,5.04
1/14/2019 4:15,3.06,12.88,3.29,5.04
1/14/2019 4:30,3.06,12.88,3.29,5.04
1/14/2019 4:45,3.06,12.87,3.28,5.05
1/14/2019 5:00,3.06,12.87,3.28,5.05
1/14/2019 5:15,3.06,12.87,3.27,5.05
1/14/2019 5:30,3.06,12.87,3.26,5.05
1/14/2019 5:45,3.06,12.86,3.26,5.05
1/14/2019 6:00,3.06,12.87,3.25,5.05
1/14/2019 6:15,3.06,12.88,3.24,5.05
1/14/2019 6:30,3.06,12.87,3.23,5.05
1/14/2019 6:45,3.06,12.88,3.23,5.05
1/14/2019 7:00,3.06,12.88,3.22,5.05
1/14/2019 7:15,3.06,12.89,3.22,5.05
1/14/2019 7:30,3.05,12.88,3.21,5.05
1/14/2019 7:45,3.06,12.88,3.2,5.05
1/14/2019 8:00,3.05,12.88,3.19,5.05
1/14/2019 8:15,3.06,12.88,3.19,5.05
1/14/2019 8:30,3.07,12.87,3.19,5.06
1/14/2019 8:45,3.07,12.87,3.18,5.06
1/14/2019 9:00,3.07,12.86,3.18,5.06
1/14/2019 9:15,3.07,12.87,3.19,5.06
1/14/2019 9:30,3.07,12.87,3.18,5.06
1/14/2019 9:45,3.06,12.87,3.18,5.05
1/14/2019 10:00,3.06,12.87,3.18,5.05
1/14/2019 10:15,3.05,12.86,3.18,5.05
1/14/2019 10:30,3.06,12.87,3.17,5.05
1/14/2019 10:45,3.06,12.87,3.17,5.05
1/14/2019 11:00,3.07,12.87,3.17,5.05
1/14/2019 11:15,3.07,12.87,3.17,5.05
1/14/2019 11:30,3.08,12.88,3.18,5.05
1/14/2019 11:45,3.07,12.87,3.18,5.05
1/14/2019 12:00,3.08,12.87,3.18,5.04
1/14/2019 12:15,3.07,12.83,3.18,5.04
1/14/2019 12:30,3.07,12.85,3.18,5.04
1/14/2019 12:45,3.07,12.83,3.17,5.04
1/14/2019 13:00,3.07,12.84,3.18,5.03
1/14/2019 13:15,3.07,12.86,3.18,5.03
1/14/2019 13:30,3.08,12.87,3.18,5.03
1/14/2019 13:45,3.08,12.87,3.18,5.02
1/14/2019 14:00,3.07,12.88,3.18,5.03
1/14/2019 14:15,3.07,12.89,3.19,5.02
1/14/2019 14:30,3.08,12.89,3.18,5.03
1/14/2019 14:45,3.07,12.88,3.18,5.02
1/14/2019 15:00,3.07,12.89,3.18,5.02
1/14/2019 15:15,3.08,12.88,3.18,5.02
1/14/2019 15:30,3.07,12.88,3.17,5.02
1/14/2019 15:45,3.08,12.85,3.18,5.02
1/14/2019 16:00,3.09,12.87,3.17,5.02
1/14/2019 16:15,3.1,12.84,3.17,5.02
1/14/2019 16:30,3.1,12.85,3.18,5.02
1/14/2019 16:45,3.1,12.86,3.19,5.02
1/14/2019 17:00,3.1,12.89,3.18,5.02
1/14/2019 17:15,3.09,12.87,3.17,5.03
1/14/2019 17:30,3.09,12.87,3.17,5.03
1/14/2019 17:45,3.08,12.86,3.16,5.03
1/14/2019 18:00,3.06,12.84,3.16,5.03
1/14/2019 18:15,3.04,12.85,3.16,5.03
1/14/2019 18:30,3.03,12.85,3.16,5.03
1/14/2019 18:45,3.03,12.86,3.16,5.03
1/14/2019 19:00,3.02,12.87,3.16,5.03
1/14/2019 19:15,3.02,12.85,3.17,5.03
1/14/2019 19:30,3.03,12.88,3.17,5.03
1/14/2019 19:45,3.04,12.86,3.17,5.03
1/14/2019 20:00,3.05,12.89,3.18,5.04
1/14/2019 20:15,3.06,12.87,3.17,5.03
1/14/2019 20:30,3.06,12.9,3.17,5.03
1/14/2019 20:45,3.07,12.9,3.17,5.03
1/14/2019 21:00,3.07,12.9,3.18,5.03
1/14/2019 21:15,3.08,12.89,3.19,5.03
1/14/2019 21:30,3.08,12.89,3.18,5.03
1/14/2019 21:45,3.08,12.9,3.17,5.03
1/14/2019 22:00,3.08,12.89,3.17,5.03
1/14/2019 22:15,3.08,12.89,3.16,5.03
1/14/2019 22:30,3.08,12.89,3.15,5.02
1/14/2019 22:45,3.08,12.89,3.14,5.03
1/14/2019 23:00,3.08,12.9,3.14,5.03
1/14/2019 23:15,3.08,12.9,3.14,5.03
1/14/2019 23:30,3.08,12.9,3.14,5.03
1/14/2019 23:45,3.09,12.9,3.13,5.03
1/15/2019 0:00,3.12,12.9,3.14,5.03
1/15/2019 0:15,3.13,12.91,3.13,5.03
1/15/2019 0:30,3.13,12.9,3.14,5.03
1/15/2019 0:45,3.11,12.88,3.14,5.03
1/15/2019 1:00,3.1,12.88,3.15,5.03
1/15/2019 1:15,3.09,12.87,3.15,5.03
1/15/2019 1:30,3.08,12.88,3.16,5.03
1/15/2019 1:45,3.07,12.88,3.17,5.04
1/15/2019 2:00,3.07,12.88,3.17,5.04
1/15/2019 2:15,3.07,12.88,3.17,5.04
1/15/2019 2:30,3.07,12.89,3.17,5.04
1/15/2019 2:45,3.07,12.89,3.15,5.04
1/15/2019 3:00,3.08,12.89,3.17,5.04
1/15/2019 3:15,3.07,12.9,3.18,5.04
1/15/2019 3:30,3.07,12.88,3.19,5.04
1/15/2019 3:45,3.06,12.89,3.19,5.04
1/15/2019 4:00,3.06,12.88,3.19,5.04
1/15/2019 4:15,3.05,12.88,3.19,5.04
1/15/2019 4:30,3.05,12.89,3.19,5.03
1/15/2019 4:45,3.05,12.88,3.19,5.03
1/15/2019 5:00,3.04,12.88,3.18,5.03
1/15/2019 5:15,3.04,12.87,3.19,5.03
1/15/2019 5:30,3.04,12.87,3.19,5.03
1/15/2019 5:45,3.03,12.86,3.19,5.02
1/15/2019 6:00,3.01,12.87,3.19,5.02
1/15/2019 6:15,3,12.87,3.18,5.02
1/15/2019 6:30,2.98,12.87,3.17,5.02
1/15/2019 6:45,2.97,12.87,3.17,5.02
1/15/2019 7:00,2.96,12.87,3.16,5.02
1/15/2019 7:15,2.95,12.88,3.16,5.01
1/15/2019 7:30,2.93,12.89,3.17,5.02
1/15/2019 7:45,2.92,12.88,3.16,5.01
1/15/2019 8:00,2.92,12.88,3.17,5.01
1/15/2019 8:15,2.92,12.89,3.16,5.01
1/15/2019 8:30,2.91,12.88,3.17,5.01
1/15/2019 8:45,2.9,12.89,3.17,5.01
1/15/2019 9:00,2.89,12.9,3.17,5.01
1/15/2019 9:15,2.91,12.9,3.16,5.01
1/15/2019 9:30,2.93,12.9,3.15,5.01
1/15/2019 9:45,2.92,12.9,3.14,5.01
1/15/2019 10:00,2.9,12.9,3.14,5.01
1/15/2019 10:15,2.89,12.9,3.12,5.01
1/15/2019 10:30,2.89,12.89,3.12,5.01
1/15/2019 10:45,2.9,12.9,3.1,5.01
1/15/2019 11:00,2.92,12.9,3.09,5.01
1/15/2019 11:15,2.93,12.9,3.08,5.01
1/15/2019 11:30,2.96,12.89,3.08,5.01
1/15/2019 11:45,2.96,12.9,3.06,5.01
1/15/2019 12:00,2.96,12.89,3.06,5.01
1/15/2019 12:15,2.97,12.88,3.04,5.02
1/15/2019 12:30,2.97,12.89,3.06,5.01
1/15/2019 12:45,2.97,12.88,3.05,5.02
1/15/2019 13:00,2.97,12.89,3.04,5.02
1/15/2019 13:15,2.97,12.89,3.05,5.02
1/15/2019 13:30,2.96,12.89,3.02,5.02
1/15/2019 13:45,2.94,12.89,3.03,5.02
1/15/2019 14:00,2.95,12.89,3.02,5.02
1/15/2019 14:15,2.94,12.88,3.02,5.02
1/15/2019 14:30,2.93,12.88,3.02,5.02
1/15/2019 14:45,2.92,12.88,3.02,5.02
1/15/2019 15:00,2.92,12.88,3.02,5.02
1/15/2019 15:15,2.9,12.87,3.02,5.02
1/15/2019 15:30,2.9,12.86,3.04,5.02
1/15/2019 15:45,2.89,12.86,3.04,5.02
1/15/2019 16:00,2.89,12.87,3.04,5.02
1/15/2019 16:15,2.87,12.88,3.04,5.02
1/15/2019 16:30,2.86,12.88,3.03,5.01
1/15/2019 16:45,2.85,12.88,3.03,5.01
1/15/2019 17:00,2.84,12.88,3.03,5
1/15/2019 17:15,2.84,12.87,3.04,5
1/15/2019 17:30,2.83,12.89,3.03,4.99
1/15/2019 17:45,2.83,12.88,3.03,4.99
1/15/2019 18:00,2.83,12.88,3.03,4.98
1/15/2019 18:15,2.83,12.88,3.02,4.98
1/15/2019 18:30,2.83,12.88,3.03,4.98
1/15/2019 18:45,2.84,12.88,3.02,4.97
1/15/2019 19:00,2.85,12.88,3.02,4.97
1/15/2019 19:15,2.85,12.87,3.01,4.97
1/15/2019 19:30,2.85,12.87,3.01,4.96
1/15/2019 19:45,2.85,12.87,2.99,4.96
1/15/2019 20:00,2.86,12.87,2.99,4.95
1/15/2019 20:15,2.86,12.87,2.99,4.95
1/15/2019 20:30,2.86,12.88,2.98,4.95
1/15/2019 20:45,2.86,12.88,2.97,4.95
1/15/2019 21:00,2.86,12.88,2.96,4.95
1/15/2019 21:15,2.86,12.88,2.95,4.95
1/15/2019 21:30,2.85,12.87,2.95,4.94
1/15/2019 21:45,2.84,12.88,2.94,4.94
1/15/2019 22:00,2.83,12.88,2.95,4.94
1/15/2019 22:15,2.83,12.88,2.95,4.94
1/15/2019 22:30,2.82,12.88,2.95,4.95
1/15/2019 22:45,2.83,12.88,2.95,4.95
1/15/2019 23:00,2.83,12.88,2.94,4.95
1/15/2019 23:15,2.82,12.89,2.93,4.94
1/15/2019 23:30,2.81,12.88,2.93,4.95
1/15/2019 23:45,2.8,12.89,2.92,4.94
1/16/2019 0:00,2.78,12.88,2.94,4.95
1/16/2019 0:15,2.77,12.88,2.94,4.94
1/16/2019 0:30,2.81,12.89,2.94,4.94
1/16/2019 0:45,2.84,12.88,2.94,4.94
1/16/2019 1:00,2.82,12.89,2.94,4.94
1/16/2019 1:15,2.81,12.88,2.94,4.94
1/16/2019 1:30,2.79,12.88,2.94,4.94
1/16/2019 1:45,2.78,12.88,2.93,4.94
1/16/2019 2:00,2.77,12.88,2.93,4.94
1/16/2019 2:15,2.76,12.88,2.93,4.93
1/16/2019 2:30,2.74,12.88,2.94,4.93
1/16/2019 2:45,2.73,12.89,2.94,4.93
1/16/2019 3:00,2.73,12.89,2.94,4.92
1/16/2019 3:15,2.72,12.88,2.93,4.92
1/16/2019 3:30,2.71,12.87,2.92,4.92
1/16/2019 3:45,2.7,12.87,2.92,4.92
1/16/2019 4:00,2.7,12.87,2.92,4.91
1/16/2019 4:15,2.71,12.88,2.92,4.91
1/16/2019 4:30,2.7,12.87,2.91,4.91
1/16/2019 4:45,2.7,12.87,2.91,4.9
1/16/2019 5:00,2.7,12.87,2.91,4.9
1/16/2019 5:15,2.69,12.89,2.9,4.9
1/16/2019 5:30,2.69,12.88,2.9,4.89
1/16/2019 5:45,2.68,12.88,2.9,4.89
1/16/2019 6:00,2.68,12.87,2.89,4.88
1/16/2019 6:15,2.68,12.87,2.88,4.88
1/16/2019 6:30,2.68,12.87,2.88,4.87
1/16/2019 6:45,2.67,12.88,2.87,4.87
1/16/2019 7:00,2.66,12.87,2.87,4.87
1/16/2019 7:15,2.65,12.87,2.86,4.86
1/16/2019 7:30,2.64,12.86,2.86,4.86
1/16/2019 7:45,2.64,12.87,2.84,4.86
1/16/2019 8:00,2.63,12.87,2.84,4.85
1/16/2019 8:15,2.63,12.87,2.83,4.85
1/16/2019 8:30,2.64,12.87,2.83,4.85
1/16/2019 8:45,2.63,12.86,2.83,4.84
1/16/2019 9:00,2.63,12.87,2.82,4.84
1/16/2019 9:15,2.63,12.86,2.82,4.84
1/16/2019 9:30,2.63,12.87,2.81,4.83
1/16/2019 9:45,2.63,12.86,2.82,4.83
1/16/2019 10:00,2.63,12.87,2.81,4.83
1/16/2019 10:15,2.63,12.86,2.8,4.83
1/16/2019 10:30,2.63,12.86,2.79,4.82
1/16/2019 10:45,2.63,12.86,2.78,4.82
1/16/2019 11:00,2.63,12.86,2.78,4.82
1/16/2019 11:15,2.63,12.86,2.78,4.82
1/16/2019 11:30,2.62,12.85,2.77,4.82
1/16/2019 11:45,2.62,12.86,2.77,4.82
1/16/2019 12:00,2.63,12.86,2.77,4.82
1/16/2019 12:15,2.62,12.85,2.76,4.82
1/16/2019 12:30,2.61,12.86,2.76,4.82
1/16/2019 12:45,2.63,12.84,2.76,4.81
1/16/2019 13:00,2.65,12.85,2.75,4.81
1/16/2019 13:15,2.66,12.84,2.76,4.81
1/16/2019 13:30,2.68,12.84,2.75,4.81
1/16/2019 13:45,2.67,12.84,2.76,4.81
1/16/2019 14:00,2.67,12.84,2.75,4.81
1/16/2019 14:15,2.67,12.84,2.75,4.8
1/16/2019 14:30,2.66,12.85,2.73,4.81
1/16/2019 14:45,2.65,12.85,2.74,4.8
1/16/2019 15:00,2.67,12.83,2.72,4.8
1/16/2019 15:15,2.67,12.83,2.72,4.8
1/16/2019 15:30,2.67,12.83,2.73,4.8
1/16/2019 15:45,2.67,12.83,2.72,4.79
1/16/2019 16:00,2.65,12.84,2.72,4.79
1/16/2019 16:15,2.66,12.84,2.72,4.79
1/16/2019 16:30,2.65,12.85,2.73,4.79
1/16/2019 16:45,2.66,12.84,2.72,4.78
1/16/2019 17:00,2.67,12.85,2.72,4.78
1/16/2019 17:15,2.67,12.84,2.72,4.78
1/16/2019 17:30,2.66,12.84,2.7,4.78
1/16/2019 17:45,2.66,12.84,2.72,4.78
1/16/2019 18:00,2.67,12.83,2.72,4.77
1/16/2019 18:15,2.66,12.83,2.73,4.77
1/16/2019 18:30,2.67,12.84,2.73,4.76
1/16/2019 18:45,2.66,12.84,2.73,4.76
1/16/2019 19:00,2.66,12.84,2.74,4.75
1/16/2019 19:15,2.66,12.84,2.74,4.75
1/16/2019 19:30,2.66,12.84,2.74,4.74
1/16/2019 19:45,2.65,12.84,2.73,4.74
1/16/2019 20:00,2.66,12.85,2.74,4.74
1/16/2019 20:15,2.66,12.85,2.73,4.73
1/16/2019 20:30,2.66,12.86,2.74,4.73
1/16/2019 20:45,2.66,12.85,2.73,4.73
1/16/2019 21:00,2.65,12.86,2.74,4.73
1/16/2019 21:15,2.65,12.86,2.73,4.72
1/16/2019 21:30,2.65,12.85,2.73,4.72
1/16/2019 21:45,2.65,12.85,2.74,4.72
1/16/2019 22:00,2.64,12.85,2.73,4.71
1/16/2019 22:15,2.64,12.85,2.74,4.71
1/16/2019 22:30,2.65,12.85,2.74,4.71
1/16/2019 22:45,2.66,12.85,2.74,4.71
1/16/2019 23:00,2.66,12.86,2.73,4.7
1/16/2019 23:15,2.65,12.86,2.74,4.7
1/16/2019 23:30,2.65,12.86,2.74,4.7
1/16/2019 23:45,2.64,12.86,2.74,4.7
1/17/2019 0:00,2.65,12.86,2.74,4.7
1/17/2019 0:15,2.69,12.86,2.74,4.7
1/17/2019 0:30,2.7,12.85,2.73,4.7
1/17/2019 0:45,2.71,12.86,2.73,4.7
1/17/2019 1:00,2.7,12.86,2.73,4.7
1/17/2019 1:15,2.69,12.86,2.73,4.7
1/17/2019 1:30,2.69,12.85,2.72,4.7
1/17/2019 1:45,2.68,12.85,2.73,4.7
1/17/2019 2:00,2.66,12.84,2.73,4.7
1/17/2019 2:15,2.64,12.84,2.72,4.7
1/17/2019 2:30,2.63,12.85,2.72,4.7
1/17/2019 2:45,2.61,12.86,2.72,4.7
1/17/2019 3:00,2.6,12.86,2.72,4.7
1/17/2019 3:15,2.61,12.86,2.72,4.71
1/17/2019 3:30,2.61,12.84,2.72,4.71
1/17/2019 3:45,2.61,12.84,2.72,4.71
1/17/2019 4:00,2.63,12.83,2.72,4.71
1/17/2019 4:15,2.65,12.84,2.72,4.71
1/17/2019 4:30,2.67,12.84,2.73,4.71
1/17/2019 4:45,2.7,12.85,2.72,4.71
1/17/2019 5:00,2.73,12.85,2.73,4.71
1/17/2019 5:15,2.77,12.85,2.73,4.7
1/17/2019 5:30,2.8,12.86,2.74,4.7
1/17/2019 5:45,2.83,12.86,2.74,4.7
1/17/2019 6:00,2.87,12.85,2.75,4.7
1/17/2019 6:15,2.91,12.85,2.74,4.69
1/17/2019 6:30,2.95,12.84,2.74,4.69
1/17/2019 6:45,2.97,12.84,2.74,4.68
1/17/2019 7:00,2.98,12.85,2.73,4.68
1/17/2019 7:15,2.99,12.85,2.72,4.68
1/17/2019 7:30,2.99,12.85,2.72,4.68
1/17/2019 7:45,3.01,12.86,2.71,4.67
1/17/2019 8:00,3.03,12.85,2.71,4.67
1/17/2019 8:15,3.03,12.85,2.71,4.67
1/17/2019 8:30,3.04,12.84,2.71,4.67
1/17/2019 8:45,3.05,12.84,2.71,4.67
1/17/2019 9:00,3.05,12.84,2.72,4.67
1/17/2019 9:15,3.05,12.84,2.74,4.67
1/17/2019 9:30,3.06,12.84,2.76,4.66
1/17/2019 9:45,3.06,12.84,2.76,4.66
1/17/2019 10:00,3.06,12.83,2.77,4.66
1/17/2019 10:15,3.07,12.83,2.8,4.65
1/17/2019 10:30,3.07,12.83,2.83,4.65
1/17/2019 10:45,3.07,12.83,2.85,4.65
1/17/2019 11:00,3.09,12.83,2.85,4.65
1/17/2019 11:15,3.1,12.83,2.91,4.65
1/17/2019 11:30,3.11,12.83,2.94,4.65
1/17/2019 11:45,3.11,12.82,2.96,4.65
1/17/2019 12:00,3.11,12.83,3,4.65
1/17/2019 12:15,3.11,12.83,3,4.65
1/17/2019 12:30,3.1,12.84,3.01,4.65
1/17/2019 12:45,3.12,12.83,3.01,4.66
1/17/2019 13:00,3.12,12.84,3.05,4.66
1/17/2019 13:15,3.12,12.83,3.07,4.66
1/17/2019 13:30,3.12,12.83,3.08,4.67
1/17/2019 13:45,3.12,12.82,3.09,4.67
1/17/2019 14:00,3.12,12.84,3.09,4.67
1/17/2019 14:15,3.12,12.83,3.11,4.67
1/17/2019 14:30,3.12,12.82,3.09,4.67
1/17/2019 14:45,3.12,12.83,3.09,4.67
1/17/2019 15:00,3.13,12.83,3.13,4.68
1/17/2019 15:15,3.13,12.84,3.13,4.68
1/17/2019 15:30,3.12,12.84,3.13,4.68
1/17/2019 15:45,3.12,12.81,3.14,4.68
1/17/2019 16:00,3.12,12.83,3.15,4.69
1/17/2019 16:15,3.12,12.79,3.16,4.69
1/17/2019 16:30,3.12,12.8,3.17,4.69
1/17/2019 16:45,3.13,12.82,3.19,4.7
1/17/2019 17:00,3.13,12.79,3.19,4.7
1/17/2019 17:15,3.13,12.81,3.2,4.71
1/17/2019 17:30,3.13,12.8,3.19,4.72
1/17/2019 17:45,3.13,12.83,3.18,4.73
1/17/2019 18:00,3.13,12.82,3.18,4.73
1/17/2019 18:15,3.14,12.83,3.21,4.74
1/17/2019 18:30,3.14,12.81,3.21,4.76
1/17/2019 18:45,3.13,12.82,3.21,4.78
1/17/2019 19:00,3.13,12.81,3.21,4.8
1/17/2019 19:15,3.13,12.8,3.2,4.82
1/17/2019 19:30,3.13,12.8,3.19,4.84
1/17/2019 19:45,3.13,12.81,3.2,4.87
1/17/2019 20:00,3.13,12.81,3.23,4.9
1/17/2019 20:15,3.13,12.8,3.21,4.92
1/17/2019 20:30,3.13,12.81,3.2,4.94
1/17/2019 20:45,3.13,12.81,3.2,4.95
1/17/2019 21:00,3.13,12.83,3.21,4.96
1/17/2019 21:15,3.14,12.83,3.22,4.98
1/17/2019 21:30,3.13,12.82,3.25,4.99
1/17/2019 21:45,3.13,12.81,3.25,5
1/17/2019 22:00,3.14,12.81,3.24,5
1/17/2019 22:15,3.14,12.83,3.23,5.01
1/17/2019 22:30,3.14,12.84,3.24,5.02
1/17/2019 22:45,3.14,12.85,3.25,5.02
1/17/2019 23:00,3.13,12.86,3.24,5.03
1/17/2019 23:15,3.13,12.85,3.23,5.04
1/17/2019 23:30,3.12,12.84,3.23,5.04
1/17/2019 23:45,3.13,12.84,3.23,5.04
1/18/2019 0:00,3.17,12.84,3.23,5.05
1/18/2019 0:15,3.2,12.83,3.22,5.06
1/18/2019 0:30,3.18,12.83,3.23,5.06
1/18/2019 0:45,3.15,12.83,3.23,5.07
1/18/2019 1:00,3.14,12.83,3.23,5.06
1/18/2019 1:15,3.12,12.84,3.25,5.07
1/18/2019 1:30,3.12,12.84,3.25,5.07
1/18/2019 1:45,3.11,12.85,3.24,5.07
1/18/2019 2:00,3.1,12.85,3.22,5.07
1/18/2019 2:15,3.1,12.84,3.23,5.07
1/18/2019 2:30,3.09,12.83,3.22,5.08
1/18/2019 2:45,3.09,12.83,3.21,5.08
1/18/2019 3:00,3.1,12.84,3.22,5.08
1/18/2019 3:15,3.09,12.85,3.24,5.09
1/18/2019 3:30,3.09,12.84,3.26,5.09
1/18/2019 3:45,3.09,12.84,3.27,5.1
1/18/2019 4:00,3.1,12.85,3.26,5.1
1/18/2019 4:15,3.1,12.86,3.25,5.1
1/18/2019 4:30,3.11,12.85,3.26,5.1
1/18/2019 4:45,3.11,12.84,3.26,5.11
1/18/2019 5:00,3.12,12.84,3.26,5.1
1/18/2019 5:15,3.12,12.83,3.25,5.1
1/18/2019 5:30,3.12,12.83,3.25,5.1
1/18/2019 5:45,3.12,12.83,3.23,5.1
1/18/2019 6:00,3.12,12.83,3.23,5.1
1/18/2019 6:15,3.12,12.83,3.21,5.11
1/18/2019 6:30,3.12,12.82,3.22,5.11
1/18/2019 6:45,3.12,12.83,3.23,5.1
1/18/2019 7:00,3.11,12.83,3.24,5.1
1/18/2019 7:15,3.11,12.82,3.24,5.1
1/18/2019 7:30,3.11,12.82,3.24,5.1
1/18/2019 7:45,3.11,12.82,3.23,5.09
1/18/2019 8:00,3.11,12.82,3.24,5.1
1/18/2019 8:15,3.12,12.83,3.24,5.11
1/18/2019 8:30,3.12,12.83,3.23,5.1
1/18/2019 8:45,3.11,12.82,3.25,5.1
1/18/2019 9:00,3.11,12.82,3.24,5.1
1/18/2019 9:15,3.1,12.83,3.24,5.1
1/18/2019 9:30,3.1,12.83,3.25,5.1
1/18/2019 9:45,3.1,12.82,3.24,5.1
1/18/2019 10:00,3.11,12.81,3.22,5.1
1/18/2019 10:15,3.12,12.81,3.21,5.1
1/18/2019 10:30,3.12,12.81,3.23,5.11
1/18/2019 10:45,3.11,12.82,3.23,5.11
1/18/2019 11:00,3.12,12.83,3.25,5.11
1/18/2019 11:15,3.11,12.84,3.23,5.11
1/18/2019 11:30,3.13,12.83,3.23,5.12
1/18/2019 11:45,3.12,12.83,3.22,5.11
1/18/2019 12:00,3.12,12.82,3.23,5.11
1/18/2019 12:15,3.13,12.81,3.22,5.11
1/18/2019 12:30,3.13,12.82,3.24,5.12
1/18/2019 12:45,3.13,12.81,3.24,5.12
1/18/2019 13:00,3.13,12.8,3.23,5.12
1/18/2019 13:15,3.13,12.8,3.23,5.12
1/18/2019 13:30,3.13,12.81,3.21,5.12
1/18/2019 13:45,3.13,12.81,3.23,5.12
1/18/2019 14:00,3.14,12.82,3.24,5.12
1/18/2019 14:15,3.13,12.82,3.24,5.12
1/18/2019 14:30,3.13,12.82,3.23,5.12
1/18/2019 14:45,3.13,12.83,3.24,5.12
1/18/2019 15:00,3.14,12.83,3.22,5.12
1/18/2019 15:15,3.14,12.82,3.2,5.12
1/18/2019 15:30,3.13,12.81,3.19,5.12
1/18/2019 15:45,3.13,12.82,3.2,5.14
1/18/2019 16:00,3.13,12.82,3.2,5.14
1/18/2019 16:15,3.14,12.8,3.21,5.15
1/18/2019 16:30,3.15,12.82,3.22,5.15
1/18/2019 16:45,3.15,12.82,3.23,5.15
1/18/2019 17:00,3.15,12.83,3.26,5.14
1/18/2019 17:15,3.15,12.82,3.26,5.15
1/18/2019 17:30,3.14,12.82,3.26,5.15
1/18/2019 17:45,3.15,12.81,3.26,5.14
1/18/2019 18:00,3.15,12.81,3.25,5.15
1/18/2019 18:15,3.15,12.81,3.25,5.14
1/18/2019 18:30,3.16,12.82,3.25,5.15
1/18/2019 18:45,3.15,12.82,3.26,5.15
1/18/2019 19:00,3.14,12.82,3.27,5.15
1/18/2019 19:15,3.14,12.82,3.26,5.14
1/18/2019 19:30,3.14,12.82,3.27,5.14
1/18/2019 19:45,3.13,12.82,3.27,5.14
1/18/2019 20:00,3.14,12.82,3.27,5.14
1/18/2019 20:15,3.13,12.82,3.26,5.14
1/18/2019 20:30,3.13,12.82,3.25,5.14
1/18/2019 20:45,3.13,12.81,3.25,5.14
1/18/2019 21:00,3.13,12.82,3.25,5.14
1/18/2019 21:15,3.13,12.82,3.26,5.15
1/18/2019 21:30,3.13,12.82,3.26,5.14
1/18/2019 21:45,3.12,12.82,3.27,5.14
1/18/2019 22:00,3.11,12.82,3.25,5.14
1/18/2019 22:15,3.11,12.83,3.24,5.14
1/18/2019 22:30,3.1,12.83,3.25,5.15
1/18/2019 22:45,3.1,12.83,3.25,5.14
1/18/2019 23:00,3.09,12.82,3.26,5.14
1/18/2019 23:15,3.09,12.82,3.27,5.14
1/18/2019 23:30,3.09,12.82,3.28,5.14
1/18/2019 23:45,3.09,12.82,3.26,5.14
1/19/2019 0:00,3.13,12.83,3.26,5.14
1/19/2019 0:15,3.15,12.83,3.24,5.14
1/19/2019 0:30,3.14,12.83,3.24,5.15
1/19/2019 0:45,3.12,12.83,3.23,5.15
1/19/2019 1:00,3.1,12.83,3.24,5.15
1/19/2019 1:15,3.1,12.83,3.25,5.16
1/19/2019 1:30,3.09,12.83,3.24,5.16
1/19/2019 1:45,3.09,12.84,3.26,5.16
1/19/2019 2:00,3.1,12.84,3.25,5.16
1/19/2019 2:15,3.1,12.85,3.23,5.16
1/19/2019 2:30,3.09,12.85,3.23,5.16
1/19/2019 2:45,3.1,12.86,3.24,5.16
1/19/2019 3:00,3.1,12.84,3.23,5.16
1/19/2019 3:15,3.1,12.83,3.24,5.16
1/19/2019 3:30,3.1,12.83,3.26,5.17
1/19/2019 3:45,3.1,12.83,3.24,5.17
1/19/2019 4:00,3.09,12.84,3.26,5.17
1/19/2019 4:15,3.08,12.84,3.26,5.16
1/19/2019 4:30,3.08,12.84,3.24,5.16
1/19/2019 4:45,3.08,12.84,3.23,5.17
1/19/2019 5:00,3.08,12.84,3.22,5.16
1/19/2019 5:15,3.08,12.84,3.22,5.16
1/19/2019 5:30,3.09,12.84,3.23,5.16
1/19/2019 5:45,3.09,12.83,3.23,5.16
1/19/2019 6:00,3.08,12.83,3.23,5.16
1/19/2019 6:15,3.09,12.83,3.23,5.16
1/19/2019 6:30,3.1,12.83,3.24,5.16
1/19/2019 6:45,3.11,12.82,3.22,5.16
1/19/2019 7:00,3.12,12.82,3.22,5.15
1/19/2019 7:15,3.12,12.82,3.23,5.15
1/19/2019 7:30,3.12,12.83,3.23,5.15
1/19/2019 7:45,3.12,12.83,3.24,5.14
1/19/2019 8:00,3.13,12.83,3.24,5.14
1/19/2019 8:15,3.14,12.83,3.24,5.14
1/19/2019 8:30,3.14,12.83,3.24,5.14
1/19/2019 8:45,3.14,12.83,3.24,5.14
1/19/2019 9:00,3.13,12.85,3.24,5.14
1/19/2019 9:15,3.12,12.84,3.23,5.14
1/19/2019 9:30,3.11,12.85,3.22,5.14
1/19/2019 9:45,3.11,12.82,3.22,5.14
1/19/2019 10:00,3.11,12.83,3.22,5.14
1/19/2019 10:15,3.11,12.85,3.21,5.15
1/19/2019 10:30,3.11,12.83,3.23,5.15
1/19/2019 10:45,3.11,12.81,3.24,5.15
1/19/2019 11:00,3.11,12.82,3.24,5.15
1/19/2019 11:15,3.11,12.81,3.24,5.14
1/19/2019 11:30,3.11,12.82,3.25,5.15
1/19/2019 11:45,3.11,12.82,3.25,5.15
1/19/2019 12:00,3.1,12.82,3.25,5.14
1/19/2019 12:15,3.11,12.81,3.25,5.14
1/19/2019 12:30,3.11,12.81,3.25,5.14
1/19/2019 12:45,3.12,12.81,3.25,5.14
1/19/2019 13:00,3.13,12.82,3.26,5.14
1/19/2019 13:15,3.14,12.82,3.25,5.14
1/19/2019 13:30,3.14,12.82,3.26,5.14
1/19/2019 13:45,3.14,12.83,3.25,5.15
1/19/2019 14:00,3.13,12.82,3.22,5.15
1/19/2019 14:15,3.13,12.82,3.22,5.14
1/19/2019 14:30,3.14,12.81,3.24,5.15
1/19/2019 14:45,3.14,12.81,3.26,5.15
1/19/2019 15:00,3.14,12.81,3.25,5.15
1/19/2019 15:15,3.14,12.81,3.26,5.15
1/19/2019 15:30,3.15,12.81,3.25,5.15
1/19/2019 15:45,3.14,12.81,3.25,5.15
1/19/2019 16:00,3.14,12.8,3.25,5.15
1/19/2019 16:15,3.14,12.81,3.25,5.15
1/19/2019 16:30,3.14,12.81,3.25,5.16
1/19/2019 16:45,3.15,12.82,3.25,5.16
1/19/2019 17:00,3.15,12.81,3.24,5.16
1/19/2019 17:15,3.14,12.81,3.24,5.17
1/19/2019 17:30,3.15,12.82,3.24,5.17
1/19/2019 17:45,3.15,12.81,3.24,5.18
1/19/2019 18:00,3.15,12.81,3.24,5.18
1/19/2019 18:15,3.14,12.81,3.25,5.19
1/19/2019 18:30,3.15,12.81,3.26,5.18
1/19/2019 18:45,3.15,12.81,3.24,5.19
1/19/2019 19:00,3.15,12.81,3.24,5.19
1/19/2019 19:15,3.15,12.81,3.23,5.18
1/19/2019 19:30,3.16,12.8,3.24,5.18
1/19/2019 19:45,3.16,12.8,3.26,5.19
1/19/2019 20:00,3.15,12.8,3.25,5.18
1/19/2019 20:15,3.15,12.81,3.26,5.18
1/19/2019 20:30,3.16,12.81,3.27,5.18
1/19/2019 20:45,3.16,12.81,3.25,5.18
1/19/2019 21:00,3.16,12.82,3.25,5.18
1/19/2019 21:15,3.16,12.82,3.24,5.18
1/19/2019 21:30,3.16,12.82,3.24,5.18
1/19/2019 21:45,3.16,12.82,3.23,5.18
1/19/2019 22:00,3.16,12.82,3.22,5.18
1/19/2019 22:15,3.15,12.82,3.24,5.19
1/19/2019 22:30,3.15,12.81,3.24,5.18
1/19/2019 22:45,3.15,12.82,3.25,5.18
1/19/2019 23:00,3.15,12.82,3.25,5.18
1/19/2019 23:15,3.15,12.82,3.24,5.18
1/19/2019 23:30,3.17,12.82,3.23,5.19
1/19/2019 23:45,3.2,12.82,3.24,5.18
1/20/2019 0:00,3.21,12.81,3.25,5.18
1/20/2019 0:15,3.22,12.81,3.26,5.19
1/20/2019 0:30,3.21,12.81,3.25,5.19
1/20/2019 0:45,3.18,12.82,3.25,5.18
1/20/2019 1:00,3.16,12.82,3.25,5.18
1/20/2019 1:15,3.15,12.84,3.24,5.18
1/20/2019 1:30,3.14,12.82,3.25,5.18
1/20/2019 1:45,3.14,12.83,3.25,5.18
1/20/2019 2:00,3.13,12.83,3.26,5.19
1/20/2019 2:15,3.13,12.84,3.24,5.19
1/20/2019 2:30,3.13,12.85,3.25,5.19
1/20/2019 2:45,3.12,12.85,3.24,5.19
1/20/2019 3:00,3.12,12.85,3.27,5.19
1/20/2019 3:15,3.12,12.85,3.27,5.19
1/20/2019 3:30,3.12,12.84,3.27,5.19
1/20/2019 3:45,3.12,12.84,3.27,5.19
1/20/2019 4:00,3.12,12.84,3.26,5.19
1/20/2019 4:15,3.11,12.84,3.25,5.19
1/20/2019 4:30,3.11,12.85,3.26,5.18
1/20/2019 4:45,3.11,12.85,3.26,5.18
1/20/2019 5:00,3.11,12.85,3.27,5.18
1/20/2019 5:15,3.11,12.85,3.27,5.19
1/20/2019 5:30,3.11,12.86,3.27,5.19
1/20/2019 5:45,3.1,12.85,3.25,5.18
1/20/2019 6:00,3.1,12.84,3.26,5.18
1/20/2019 6:15,3.11,12.84,3.24,5.18
1/20/2019 6:30,3.11,12.84,3.24,5.18
1/20/2019 6:45,3.11,12.85,3.23,5.18
1/20/2019 7:00,3.12,12.85,3.23,5.18
1/20/2019 7:15,3.13,12.87,3.22,5.18
1/20/2019 7:30,3.13,12.86,3.22,5.18
1/20/2019 7:45,3.13,12.87,3.22,5.18
1/20/2019 8:00,3.14,12.85,3.22,5.18
1/20/2019 8:15,3.14,12.85,3.22,5.18
1/20/2019 8:30,3.13,12.84,3.22,5.17
1/20/2019 8:45,3.13,12.84,3.22,5.17
1/20/2019 9:00,3.14,12.84,3.22,5.18
1/20/2019 9:15,3.14,12.84,3.21,5.17
1/20/2019 9:30,3.14,12.85,3.21,5.17
1/20/2019 9:45,3.14,12.86,3.21,5.18
1/20/2019 10:00,3.14,12.84,3.19,5.17
1/20/2019 10:15,3.14,12.83,3.2,5.17
1/20/2019 10:30,3.15,12.84,3.2,5.17
1/20/2019 10:45,3.13,12.83,3.21,5.17
1/20/2019 11:00,3.14,12.83,3.21,5.17
1/20/2019 11:15,3.14,12.83,3.19,5.17
1/20/2019 11:30,3.15,12.83,3.19,5.17
1/20/2019 11:45,3.18,12.83,3.2,5.17
1/20/2019 12:00,3.19,12.82,3.2,5.17
1/20/2019 12:15,3.17,12.83,3.22,5.17
1/20/2019 12:30,3.16,12.83,3.22,5.16
1/20/2019 12:45,3.15,12.82,3.2,5.16
1/20/2019 13:00,3.15,12.82,3.21,5.17
1/20/2019 13:15,3.13,12.82,3.21,5.16
1/20/2019 13:30,3.14,12.82,3.23,5.16
1/20/2019 13:45,3.14,12.83,3.23,5.16
1/20/2019 14:00,3.14,12.82,3.23,5.16
1/20/2019 14:15,3.15,12.82,3.23,5.16
1/20/2019 14:30,3.15,12.83,3.22,5.16
1/20/2019 14:45,3.15,12.82,3.22,5.16
1/20/2019 15:00,3.15,12.83,3.22,5.16
1/20/2019 15:15,3.15,12.83,3.23,5.16
1/20/2019 15:30,3.15,12.82,3.23,5.16
1/20/2019 15:45,3.16,12.82,3.23,5.16
1/20/2019 16:00,3.15,12.81,3.24,5.16
1/20/2019 16:15,3.16,12.81,3.25,5.16
1/20/2019 16:30,3.16,12.81,3.25,5.17
1/20/2019 16:45,3.16,12.8,3.23,5.16
1/20/2019 17:00,3.16,12.8,3.22,5.17
1/20/2019 17:15,3.16,12.8,3.22,5.17
1/20/2019 17:30,3.15,12.8,3.22,5.17
1/20/2019 17:45,3.15,12.82,3.22,5.17
1/20/2019 18:00,3.14,12.82,3.23,5.17
1/20/2019 18:15,3.14,12.81,3.24,5.18
1/20/2019 18:30,3.15,12.81,3.24,5.18
1/20/2019 18:45,3.16,12.81,3.24,5.18
1/20/2019 19:00,3.16,12.81,3.24,5.18
1/20/2019 19:15,3.16,12.82,3.24,5.18
1/20/2019 19:30,3.15,12.82,3.23,5.18
1/20/2019 19:45,3.16,12.82,3.23,5.18
1/20/2019 20:00,3.16,12.83,3.22,5.18
1/20/2019 20:15,3.16,12.83,3.21,5.19
1/20/2019 20:30,3.17,12.83,3.23,5.19
1/20/2019 20:45,3.16,12.83,3.23,5.19
1/20/2019 21:00,3.16,12.83,3.24,5.19
1/20/2019 21:15,3.16,12.83,3.24,5.19
1/20/2019 21:30,3.15,12.83,3.25,5.19
1/20/2019 21:45,3.16,12.83,3.25,5.19
1/20/2019 22:00,3.15,12.83,3.24,5.19
1/20/2019 22:15,3.15,12.82,3.24,5.19
1/20/2019 22:30,3.15,12.82,3.22,5.19
1/20/2019 22:45,3.15,12.82,3.22,5.19
1/20/2019 23:00,3.16,12.82,3.22,5.19
1/20/2019 23:15,3.16,12.82,3.23,5.19
1/20/2019 23:30,3.17,12.82,3.24,5.19
1/20/2019 23:45,3.16,12.82,3.24,5.19
1/21/2019 0:00,3.19,12.82,3.24,5.2
1/21/2019 0:15,3.2,12.82,3.24,5.19
1/21/2019 0:30,3.19,12.82,3.25,5.2
1/21/2019 0:45,3.17,12.82,3.25,5.2
1/21/2019 1:00,3.16,12.83,3.26,5.2
1/21/2019 1:15,3.15,12.82,3.25,5.19
1/21/2019 1:30,3.14,12.83,3.25,5.19
1/21/2019 1:45,3.14,12.84,3.24,5.19
1/21/2019 2:00,3.14,12.84,3.24,5.19
1/21/2019 2:15,3.13,12.85,3.24,5.19
1/21/2019 2:30,3.14,12.85,3.24,5.2
1/21/2019 2:45,3.13,12.86,3.25,5.19
1/21/2019 3:00,3.13,12.85,3.24,5.19
1/21/2019 3:15,3.13,12.85,3.24,5.19
1/21/2019 3:30,3.12,12.85,3.24,5.19
1/21/2019 3:45,3.12,12.87,3.26,5.19
1/21/2019 4:00,3.12,12.85,3.25,5.18
1/21/2019 4:15,3.12,12.85,3.26,5.18
1/21/2019 4:30,3.14,12.85,3.26,5.18
1/21/2019 4:45,3.14,12.85,3.25,5.18
1/21/2019 5:00,3.15,12.85,3.25,5.18
1/21/2019 5:15,3.16,12.87,3.25,5.18
1/21/2019 5:30,3.16,12.85,3.24,5.18
1/21/2019 5:45,3.16,12.86,3.24,5.17
1/21/2019 6:00,3.16,12.87,3.23,5.17
1/21/2019 6:15,3.16,12.86,3.23,5.18
1/21/2019 6:30,3.16,12.86,3.23,5.18
1/21/2019 6:45,3.16,12.86,3.23,5.17
1/21/2019 7:00,3.16,12.86,3.22,5.17
1/21/2019 7:15,3.16,12.85,3.21,5.17
1/21/2019 7:30,3.16,12.85,3.2,5.17
1/21/2019 7:45,3.16,12.84,3.21,5.17
1/21/2019 8:00,3.16,12.85,3.22,5.17
1/21/2019 8:15,3.16,12.84,3.23,5.17
1/21/2019 8:30,3.16,12.86,3.22,5.17
1/21/2019 8:45,3.16,12.87,3.21,5.16
1/21/2019 9:00,3.16,12.88,3.21,5.16
1/21/2019 9:15,3.16,12.88,3.22,5.16
1/21/2019 9:30,3.16,12.85,3.22,5.16
1/21/2019 9:45,3.15,12.84,3.22,5.16
1/21/2019 10:00,3.15,12.85,3.22,5.16
1/21/2019 10:15,3.15,12.85,3.23,5.16
1/21/2019 10:30,3.13,12.88,3.24,5.16
1/21/2019 10:45,3.14,12.86,3.24,5.16
1/21/2019 11:00,3.13,12.86,3.24,5.16
1/21/2019 11:15,3.13,12.85,3.24,5.16
1/21/2019 11:30,3.13,12.83,3.23,5.16
1/21/2019 11:45,3.13,12.82,3.23,5.15
1/21/2019 12:00,3.13,12.81,3.23,5.16
1/21/2019 12:15,3.15,12.81,3.23,5.16
1/21/2019 12:30,3.16,12.81,3.24,5.16
1/21/2019 12:45,3.17,12.82,3.23,5.16
1/21/2019 13:00,3.16,12.82,3.24,5.16
1/21/2019 13:15,3.17,12.81,3.23,5.16
1/21/2019 13:30,3.17,12.81,3.24,5.16
1/21/2019 13:45,3.17,12.81,3.24,5.16
1/21/2019 14:00,3.17,12.81,3.23,5.16
1/21/2019 14:15,3.17,12.81,3.23,5.17
1/21/2019 14:30,3.16,12.82,3.23,5.17
1/21/2019 14:45,3.17,12.81,3.21,5.17
1/21/2019 15:00,3.16,12.8,3.22,5.17
1/21/2019 15:15,3.16,12.81,3.22,5.18
1/21/2019 15:30,3.15,12.8,3.23,5.18
1/21/2019 15:45,3.15,12.81,3.23,5.18
1/21/2019 16:00,3.15,12.81,3.23,5.18
1/21/2019 16:15,3.16,12.81,3.23,5.18
1/21/2019 16:30,3.15,12.81,3.23,5.18
1/21/2019 16:45,3.14,12.8,3.23,5.18
1/21/2019 17:00,3.15,12.8,3.23,5.18
1/21/2019 17:15,3.16,12.83,3.21,5.18
1/21/2019 17:30,3.16,12.83,3.21,5.18
1/21/2019 17:45,3.17,12.84,3.21,5.18
1/21/2019 18:00,3.17,12.84,3.21,5.19
1/21/2019 18:15,3.16,12.83,3.21,5.19
1/21/2019 18:30,3.16,12.83,3.21,5.19
1/21/2019 18:45,3.15,12.83,3.21,5.19
1/21/2019 19:00,3.16,12.83,3.2,5.19
1/21/2019 19:15,3.16,12.82,3.23,5.18
1/21/2019 19:30,3.16,12.83,3.24,5.18
1/21/2019 19:45,3.16,12.82,3.23,5.19
1/21/2019 20:00,3.16,12.81,3.24,5.19
1/21/2019 20:15,3.16,12.81,3.23,5.19
1/21/2019 20:30,3.17,12.81,3.24,5.18
1/21/2019 20:45,3.17,12.82,3.24,5.18
1/21/2019 21:00,3.16,12.82,3.25,5.18
1/21/2019 21:15,3.16,12.83,3.25,5.18
1/21/2019 21:30,3.16,12.83,3.25,5.18
1/21/2019 21:45,3.16,12.84,3.25,5.18
1/21/2019 22:00,3.16,12.83,3.24,5.18
1/21/2019 22:15,3.16,12.81,3.25,5.18
1/21/2019 22:30,3.16,12.81,3.26,5.18
1/21/2019 22:45,3.16,12.81,3.26,5.18
1/21/2019 23:00,3.17,12.82,3.25,5.18
1/21/2019 23:15,3.16,12.83,3.24,5.18
1/21/2019 23:30,3.17,12.84,3.24,5.19
1/21/2019 23:45,3.17,12.83,3.24,5.19
1/22/2019 0:00,3.2,12.82,3.24,5.19
1/22/2019 0:15,3.22,12.82,3.25,5.19
1/22/2019 0:30,3.21,12.83,3.25,5.19
1/22/2019 0:45,3.2,12.83,3.25,5.19
1/22/2019 1:00,3.17,12.82,3.25,5.19
1/22/2019 1:15,3.16,12.83,3.26,5.19
1/22/2019 1:30,3.15,12.81,3.24,5.19
1/22/2019 1:45,3.14,12.81,3.23,5.19
1/22/2019 2:00,3.14,12.82,3.22,5.19
1/22/2019 2:15,3.15,12.82,3.23,5.2
1/22/2019 2:30,3.15,12.82,3.23,5.2
1/22/2019 2:45,3.15,12.83,3.24,5.2
1/22/2019 3:00,3.15,12.84,3.25,5.2
1/22/2019 3:15,3.15,12.83,3.26,5.2
1/22/2019 3:30,3.14,12.81,3.27,5.2
1/22/2019 3:45,3.13,12.8,3.27,5.2
1/22/2019 4:00,3.12,12.79,3.26,5.2
1/22/2019 4:15,3.12,12.79,3.27,5.2
1/22/2019 4:30,3.12,12.79,3.28,5.2
1/22/2019 4:45,3.12,12.79,3.27,5.2
1/22/2019 5:00,3.12,12.8,3.26,5.2
1/22/2019 5:15,3.12,12.8,3.25,5.2
1/22/2019 5:30,3.12,12.81,3.25,5.2
1/22/2019 5:45,3.13,12.81,3.24,5.2
1/22/2019 6:00,3.13,12.8,3.24,5.2
1/22/2019 6:15,3.14,12.79,3.24,5.2
1/22/2019 6:30,3.14,12.79,3.23,5.19
1/22/2019 6:45,3.15,12.79,3.24,5.19
1/22/2019 7:00,3.15,12.79,3.23,5.19
1/22/2019 7:15,3.14,12.78,3.23,5.19
1/22/2019 7:30,3.13,12.79,3.22,5.19
1/22/2019 7:45,3.13,12.78,3.23,5.19
1/22/2019 8:00,3.12,12.78,3.22,5.18
1/22/2019 8:15,3.12,12.76,3.22,5.18
1/22/2019 8:30,3.12,12.74,3.22,5.18
1/22/2019 8:45,3.12,12.74,3.22,5.18
1/22/2019 9:00,3.13,12.75,3.21,5.18
1/22/2019 9:15,3.13,12.75,3.21,5.18
1/22/2019 9:30,3.14,12.76,3.21,5.18
1/22/2019 9:45,3.13,12.77,3.22,5.18
1/22/2019 10:00,3.14,12.77,3.21,5.18
1/22/2019 10:15,3.14,12.78,3.2,5.17
1/22/2019 10:30,3.14,12.77,3.21,5.18
1/22/2019 10:45,3.15,12.77,3.22,5.17
1/22/2019 11:00,3.16,12.8,3.22,5.17
1/22/2019 11:15,3.14,12.76,3.23,5.17
1/22/2019 11:30,3.14,12.75,3.24,5.17
1/22/2019 11:45,3.16,12.75,3.24,5.17
1/22/2019 12:00,3.15,12.75,3.23,5.17
1/22/2019 12:15,3.14,12.76,3.23,5.16
1/22/2019 12:30,3.15,12.75,3.23,5.17
1/22/2019 12:45,3.15,12.74,3.23,5.16
1/22/2019 13:00,3.14,12.73,3.24,5.16
1/22/2019 13:15,3.14,12.74,3.24,5.16
1/22/2019 13:30,3.14,12.74,3.24,5.16
1/22/2019 13:45,3.13,12.75,3.24,5.16
1/22/2019 14:00,3.13,12.75,3.24,5.16
1/22/2019 14:15,3.14,12.75,3.24,5.16
1/22/2019 14:30,3.14,12.75,3.24,5.16
1/22/2019 14:45,3.14,12.74,3.23,5.16
1/22/2019 15:00,3.15,12.74,3.24,5.16
1/22/2019 15:15,3.15,12.74,3.23,5.16
1/22/2019 15:30,3.15,12.73,3.23,5.17
1/22/2019 15:45,3.15,12.73,3.23,5.17
1/22/2019 16:00,3.14,12.74,3.23,5.17
1/22/2019 16:15,3.14,12.75,3.23,5.18
1/22/2019 16:30,3.14,12.75,3.24,5.18
1/22/2019 16:45,3.13,12.73,3.23,5.18
1/22/2019 17:00,3.14,12.75,3.23,5.19
1/22/2019 17:15,3.14,12.73,3.24,5.19
1/22/2019 17:30,3.15,12.74,3.24,5.19
1/22/2019 17:45,3.15,12.72,3.25,5.2
1/22/2019 18:00,3.14,12.72,3.25,5.2
1/22/2019 18:15,3.14,12.74,3.24,5.19
1/22/2019 18:30,3.15,12.73,3.24,5.19
1/22/2019 18:45,3.15,12.74,3.23,5.2
1/22/2019 19:00,3.15,12.74,3.23,5.2
1/22/2019 19:15,3.15,12.74,3.24,5.19
1/22/2019 19:30,3.15,12.73,3.24,5.2
1/22/2019 19:45,3.15,12.75,3.24,5.2
1/22/2019 20:00,3.15,12.75,3.24,5.19
1/22/2019 20:15,3.14,12.76,3.24,5.19
1/22/2019 20:30,3.13,12.76,3.23,5.19
1/22/2019 20:45,3.14,12.75,3.24,5.18
1/22/2019 21:00,3.14,12.75,3.24,5.18
1/22/2019 21:15,3.15,12.74,3.24,5.18
1/22/2019 21:30,3.16,12.74,3.24,5.18
1/22/2019 21:45,3.16,12.74,3.24,5.18
1/22/2019 22:00,3.16,12.75,3.24,5.18
1/22/2019 22:15,3.15,12.76,3.24,5.17
1/22/2019 22:30,3.16,12.76,3.24,5.17
1/22/2019 22:45,3.15,12.75,3.24,5.18
1/22/2019 23:00,3.15,12.76,3.23,5.18
1/22/2019 23:15,3.17,12.77,3.23,5.18
1/22/2019 23:30,3.19,12.76,3.22,5.18
1/22/2019 23:45,3.21,12.75,3.23,5.18
1/23/2019 0:00,3.22,12.76,3.22,5.18
1/23/2019 0:15,3.23,12.75,3.22,5.18
1/23/2019 0:30,3.21,12.75,3.22,5.18
1/23/2019 0:45,3.19,12.75,3.22,5.18
1/23/2019 1:00,3.17,12.74,3.22,5.18
1/23/2019 1:15,3.15,12.75,3.21,5.18
1/23/2019 1:30,3.14,12.76,3.22,5.19
1/23/2019 1:45,3.13,12.76,3.22,5.19
1/23/2019 2:00,3.13,12.76,3.23,5.18
1/23/2019 2:15,3.12,12.77,3.24,5.19
1/23/2019 2:30,3.12,12.77,3.25,5.19
1/23/2019 2:45,3.12,12.77,3.25,5.19
1/23/2019 3:00,3.12,12.77,3.27,5.19
1/23/2019 3:15,3.12,12.76,3.27,5.19
1/23/2019 3:30,3.12,12.74,3.28,5.19
1/23/2019 3:45,3.11,12.74,3.28,5.19
1/23/2019 4:00,3.11,12.78,3.29,5.19
1/23/2019 4:15,3.11,12.79,3.29,5.18
1/23/2019 4:30,3.11,12.8,3.29,5.18
1/23/2019 4:45,3.1,12.8,3.29,5.18
1/23/2019 5:00,3.11,12.79,3.29,5.18
1/23/2019 5:15,3.11,12.79,3.27,5.18
1/23/2019 5:30,3.11,12.79,3.28,5.18
1/23/2019 5:45,3.11,12.79,3.27,5.18
1/23/2019 6:00,3.11,12.79,3.27,5.18
1/23/2019 6:15,3.11,12.79,3.26,5.17
1/23/2019 6:30,3.11,12.79,3.26,5.17
1/23/2019 6:45,3.11,12.79,3.26,5.17
1/23/2019 7:00,3.11,12.78,3.26,5.16
1/23/2019 7:15,3.11,12.8,3.24,5.16
1/23/2019 7:30,3.12,12.79,3.23,5.16
1/23/2019 7:45,3.13,12.79,3.23,5.16
1/23/2019 8:00,3.12,12.79,3.24,5.16
1/23/2019 8:15,3.12,12.77,3.24,5.17
1/23/2019 8:30,3.12,12.75,3.24,5.16
1/23/2019 8:45,3.12,12.75,3.24,5.16
1/23/2019 9:00,3.12,12.74,3.23,5.16
1/23/2019 9:15,3.11,12.75,3.23,5.17
1/23/2019 9:30,3.12,12.75,3.22,5.17
1/23/2019 9:45,3.12,12.76,3.22,5.17
1/23/2019 10:00,3.12,12.78,3.23,5.17
1/23/2019 10:15,3.13,12.76,3.23,5.17
1/23/2019 10:30,3.13,12.77,3.23,5.17
1/23/2019 10:45,3.12,12.75,3.22,5.18
1/23/2019 11:00,3.12,12.75,3.23,5.18
1/23/2019 11:15,3.13,12.75,3.23,5.18
1/23/2019 11:30,3.12,12.75,3.23,5.18
1/23/2019 11:45,3.12,12.75,3.23,5.18
1/23/2019 12:00,3.13,12.78,3.23,5.18
1/23/2019 12:15,3.14,12.74,3.24,5.18
1/23/2019 12:30,3.14,12.74,3.24,5.18
1/23/2019 12:45,3.13,12.72,3.25,5.18
1/23/2019 13:00,3.13,12.74,3.25,5.18
1/23/2019 13:15,3.13,12.74,3.23,5.17
1/23/2019 13:30,3.13,12.74,3.24,5.17
1/23/2019 13:45,3.13,12.75,3.24,5.18
1/23/2019 14:00,3.14,12.76,3.24,5.18
1/23/2019 14:15,3.14,12.75,3.24,5.18
1/23/2019 14:30,3.14,12.75,3.24,5.18
1/23/2019 14:45,3.14,12.75,3.24,5.17
1/23/2019 15:00,3.14,12.75,3.25,5.17
1/23/2019 15:15,3.14,12.75,3.24,5.17
1/23/2019 15:30,3.13,12.74,3.24,5.18
1/23/2019 15:45,3.13,12.73,3.23,5.17
1/23/2019 16:00,3.13,12.74,3.23,5.16
1/23/2019 16:15,3.13,12.75,3.24,5.17
1/23/2019 16:30,3.13,12.75,3.24,5.16
1/23/2019 16:45,3.14,12.74,3.25,5.18
1/23/2019 17:00,3.14,12.75,3.24,5.18
1/23/2019 17:15,3.14,12.75,3.23,5.18
1/23/2019 17:30,3.14,12.75,3.23,5.18
1/23/2019 17:45,3.13,12.76,3.23,5.18
1/23/2019 18:00,3.13,12.75,3.22,5.18
1/23/2019 18:15,3.13,12.75,3.23,5.18
1/23/2019 18:30,3.13,12.75,3.23,5.17
1/23/2019 18:45,3.13,12.75,3.23,5.18
1/23/2019 19:00,3.13,12.75,3.22,5.18
1/23/2019 19:15,3.13,12.75,3.22,5.18
1/23/2019 19:30,3.11,12.76,3.22,5.18
1/23/2019 19:45,3.12,12.77,3.22,5.18
1/23/2019 20:00,3.11,12.77,3.22,5.18
1/23/2019 20:15,3.11,12.76,3.22,5.18
1/23/2019 20:30,3.12,12.76,3.23,5.18
1/23/2019 20:45,3.12,12.76,3.24,5.18
1/23/2019 21:00,3.13,12.76,3.23,5.18
1/23/2019 21:15,3.13,12.75,3.23,5.17
1/23/2019 21:30,3.14,12.76,3.23,5.17
1/23/2019 21:45,3.15,12.76,3.23,5.17
1/23/2019 22:00,3.15,12.76,3.22,5.17
1/23/2019 22:15,3.15,12.75,3.22,5.17
1/23/2019 22:30,3.15,12.76,3.22,5.16
1/23/2019 22:45,3.15,12.76,3.23,5.17
1/23/2019 23:00,3.16,12.75,3.22,5.17
1/23/2019 23:15,3.19,12.75,3.22,5.17
1/23/2019 23:30,3.2,12.75,3.23,5.17
1/23/2019 23:45,3.21,12.75,3.23,5.17
1/24/2019 0:00,3.22,12.75,3.22,5.17
1/24/2019 0:15,3.22,12.74,3.22,5.16
1/24/2019 0:30,3.21,12.74,3.23,5.16
1/24/2019 0:45,3.18,12.75,3.23,5.16
1/24/2019 1:00,3.15,12.74,3.23,5.16
1/24/2019 1:15,3.15,12.75,3.22,5.16
1/24/2019 1:30,3.13,12.75,3.22,5.17
1/24/2019 1:45,3.13,12.76,3.21,5.16
1/24/2019 2:00,3.13,12.76,3.23,5.16
1/24/2019 2:15,3.12,12.78,3.23,5.16
1/24/2019 2:30,3.12,12.78,3.23,5.16
1/24/2019 2:45,3.11,12.78,3.23,5.17
1/24/2019 3:00,3.12,12.78,3.26,5.18
1/24/2019 3:15,3.12,12.78,3.26,5.17
1/24/2019 3:30,3.12,12.77,3.27,5.18
1/24/2019 3:45,3.12,12.77,3.27,5.18
1/24/2019 4:00,3.11,12.78,3.26,5.18
1/24/2019 4:15,3.11,12.78,3.25,5.18
1/24/2019 4:30,3.11,12.79,3.27,5.17
1/24/2019 4:45,3.11,12.79,3.27,5.17
1/24/2019 5:00,3.11,12.79,3.25,5.16
1/24/2019 5:15,3.1,12.79,3.24,5.16
1/24/2019 5:30,3.1,12.78,3.23,5.16
1/24/2019 5:45,3.1,12.78,3.23,5.16
1/24/2019 6:00,3.1,12.76,3.24,5.16
1/24/2019 6:15,3.1,12.76,3.24,5.16
1/24/2019 6:30,3.11,12.76,3.23,5.16
1/24/2019 6:45,3.12,12.76,3.24,5.16
1/24/2019 7:00,3.12,12.77,3.22,5.16
1/24/2019 7:15,3.11,12.76,3.22,5.15
1/24/2019 7:30,3.12,12.78,3.21,5.16
1/24/2019 7:45,3.12,12.77,3.21,5.16
1/24/2019 8:00,3.12,12.76,3.21,5.16
1/24/2019 8:15,3.12,12.77,3.2,5.16
1/24/2019 8:30,3.11,12.77,3.21,5.15
1/24/2019 8:45,3.11,12.76,3.21,5.16
1/24/2019 9:00,3.1,12.75,3.21,5.16
1/24/2019 9:15,3.1,12.75,3.21,5.16
1/24/2019 9:30,3.1,12.74,3.22,5.16
1/24/2019 9:45,3.1,12.76,3.21,5.16
1/24/2019 10:00,3.11,12.75,3.21,5.16
1/24/2019 10:15,3.11,12.75,3.2,5.16
1/24/2019 10:30,3.11,12.74,3.19,5.16
1/24/2019 10:45,3.11,12.75,3.19,5.16
1/24/2019 11:00,3.11,12.74,3.19,5.16
1/24/2019 11:15,3.12,12.75,3.18,5.16
1/24/2019 11:30,3.12,12.75,3.2,5.16
1/24/2019 11:45,3.12,12.75,3.21,5.16
1/24/2019 12:00,3.11,12.75,3.22,5.16
1/24/2019 12:15,3.11,12.75,3.22,5.16
1/24/2019 12:30,3.12,12.75,3.2,5.16
1/24/2019 12:45,3.11,12.75,3.21,5.16
1/24/2019 13:00,3.11,12.75,3.21,5.16
1/24/2019 13:15,3.11,12.74,3.22,5.17
1/24/2019 13:30,3.1,12.75,3.21,5.16
1/24/2019 13:45,3.11,12.75,3.22,5.17
1/24/2019 14:00,3.11,12.74,3.22,5.17
1/24/2019 14:15,3.12,12.75,3.21,5.17
1/24/2019 14:30,3.12,12.74,3.21,5.17
1/24/2019 14:45,3.11,12.73,3.21,5.17
1/24/2019 15:00,3.11,12.73,3.19,5.17
1/24/2019 15:15,3.11,12.73,3.19,5.17
1/24/2019 15:30,3.11,12.74,3.21,5.17
1/24/2019 15:45,3.11,12.74,3.22,5.17
1/24/2019 16:00,3.11,12.75,3.22,5.17
1/24/2019 16:15,3.11,12.74,3.22,5.17
1/24/2019 16:30,3.1,12.74,3.23,5.17
1/24/2019 16:45,3.1,12.74,3.23,5.17
1/24/2019 17:00,3.11,12.74,3.23,5.17
1/24/2019 17:15,3.11,12.75,3.22,5.17
1/24/2019 17:30,3.11,12.74,3.21,5.17
1/24/2019 17:45,3.11,12.74,3.21,5.17
1/24/2019 18:00,3.11,12.73,3.21,5.17
1/24/2019 18:15,3.1,12.74,3.21,5.17
1/24/2019 18:30,3.1,12.73,3.22,5.17
1/24/2019 18:45,3.1,12.74,3.22,5.16
1/24/2019 19:00,3.1,12.74,3.22,5.16
1/24/2019 19:15,3.11,12.74,3.22,5.17
1/24/2019 19:30,3.1,12.74,3.22,5.17
1/24/2019 19:45,3.1,12.74,3.22,5.17
1/24/2019 20:00,3.1,12.72,3.22,5.17
1/24/2019 20:15,3.1,12.73,3.21,5.17
1/24/2019 20:30,3.09,12.73,3.22,5.17
1/24/2019 20:45,3.09,12.73,3.22,5.17
1/24/2019 21:00,3.09,12.73,3.22,5.17
1/24/2019 21:15,3.09,12.74,3.21,5.17
1/24/2019 21:30,3.09,12.74,3.2,5.17
1/24/2019 21:45,3.09,12.74,3.2,5.17
1/24/2019 22:00,3.09,12.74,3.2,5.17
1/24/2019 22:15,3.08,12.74,3.21,5.17
1/24/2019 22:30,3.09,12.74,3.21,5.17
1/24/2019 22:45,3.1,12.74,3.23,5.17
1/24/2019 23:00,3.09,12.73,3.23,5.17
1/24/2019 23:15,3.09,12.73,3.22,5.17
1/24/2019 23:30,3.12,12.73,3.21,5.17
1/24/2019 23:45,3.15,12.73,3.21,5.17
1/25/2019 0:00,3.17,12.74,3.21,5.18
1/25/2019 0:15,3.18,12.74,3.22,5.17
1/25/2019 0:30,3.17,12.75,3.21,5.17
1/25/2019 0:45,3.14,12.75,3.22,5.18
1/25/2019 1:00,3.12,12.75,3.21,5.17
1/25/2019 1:15,3.11,12.76,3.2,5.18
1/25/2019 1:30,3.09,12.77,3.2,5.17
1/25/2019 1:45,3.09,12.77,3.21,5.18
1/25/2019 2:00,3.08,12.78,3.21,5.18
1/25/2019 2:15,3.08,12.78,3.21,5.17
1/25/2019 2:30,3.08,12.78,3.2,5.17
1/25/2019 2:45,3.09,12.78,3.21,5.17
1/25/2019 3:00,3.08,12.78,3.21,5.18
1/25/2019 3:15,3.08,12.78,3.22,5.17
1/25/2019 3:30,3.08,12.77,3.23,5.17
1/25/2019 3:45,3.08,12.77,3.22,5.17
1/25/2019 4:00,3.08,12.78,3.22,5.17
1/25/2019 4:15,3.08,12.79,3.23,5.17
1/25/2019 4:30,3.08,12.77,3.23,5.17
1/25/2019 4:45,3.08,12.78,3.23,5.17
1/25/2019 5:00,3.08,12.77,3.23,5.17
1/25/2019 5:15,3.07,12.78,3.23,5.17
1/25/2019 5:30,3.06,12.77,3.23,5.16
1/25/2019 5:45,3.07,12.77,3.22,5.16
1/25/2019 6:00,3.07,12.78,3.23,5.16
1/25/2019 6:15,3.07,12.77,3.22,5.16
1/25/2019 6:30,3.07,12.77,3.22,5.15
1/25/2019 6:45,3.07,12.76,3.21,5.15
1/25/2019 7:00,3.07,12.76,3.2,5.15
1/25/2019 7:15,3.07,12.75,3.21,5.15
1/25/2019 7:30,3.07,12.75,3.2,5.15
1/25/2019 7:45,3.07,12.75,3.2,5.15
1/25/2019 8:00,3.07,12.75,3.21,5.15
1/25/2019 8:15,3.07,12.77,3.21,5.15
1/25/2019 8:30,3.07,12.78,3.21,5.15
1/25/2019 8:45,3.07,12.77,3.2,5.15
1/25/2019 9:00,3.26,12.77,3.2,5.15
1/25/2019 9:15,3.22,12.76,3.2,5.15
1/25/2019 9:30,3.2,12.77,3.2,5.15
1/25/2019 9:45,3.2,12.75,3.2,5.15
1/25/2019 10:00,3.21,12.77,3.2,5.15
1/25/2019 10:15,3.21,12.76,3.19,5.15
1/25/2019 10:30,3.21,12.75,3.2,5.16
1/25/2019 10:45,3.21,12.76,3.19,5.16
1/25/2019 11:00,3.22,12.75,3.19,5.16
1/25/2019 11:15,3.21,12.73,3.18,5.16
1/25/2019 11:30,3.21,12.75,3.18,5.16
1/25/2019 11:45,3.21,12.74,3.18,5.16
1/25/2019 12:00,3.21,12.76,3.19,5.16
1/25/2019 12:15,3.2,12.74,3.2,5.16
1/25/2019 12:30,3.2,12.75,3.22,5.16
1/25/2019 12:45,3.2,12.75,3.23,5.17
1/25/2019 13:00,3.2,12.75,3.25,5.17
1/25/2019 13:15,3.22,12.76,3.26,5.17
1/25/2019 13:30,3.21,12.75,3.27,5.17
1/25/2019 13:45,3.2,12.74,3.28,5.16
1/25/2019 14:00,3.17,12.74,3.29,5.16
1/25/2019 14:15,3.13,12.75,3.3,5.16
1/25/2019 14:30,3.15,12.75,3.31,5.17
1/25/2019 14:45,3.15,12.74,3.31,5.17
1/25/2019 15:00,3.14,12.74,3.32,5.17
1/25/2019 15:15,3.14,12.74,3.32,5.17
1/25/2019 15:30,3.11,12.74,3.32,5.17
1/25/2019 15:45,3.09,12.73,3.32,5.17
1/25/2019 16:00,3.08,12.73,3.32,5.17
1/25/2019 16:15,3.07,12.73,3.32,5.17
1/25/2019 16:30,3.07,12.73,3.31,5.17
1/25/2019 16:45,3.06,12.74,3.31,5.17
1/25/2019 17:00,3.06,12.74,3.3,5.17
1/25/2019 17:15,3.06,12.75,3.31,5.17
1/25/2019 17:30,3.06,12.75,3.31,5.17
1/25/2019 17:45,3.06,12.75,3.31,5.17
1/25/2019 18:00,3.06,12.76,3.3,5.17
1/25/2019 18:15,3.07,12.76,3.3,5.17
1/25/2019 18:30,3.07,12.76,3.29,5.17
1/25/2019 18:45,3.06,12.76,3.29,5.17
1/25/2019 19:00,3.06,12.75,3.28,5.18
1/25/2019 19:15,3.06,12.75,3.27,5.18
1/25/2019 19:30,3.07,12.75,3.26,5.19
1/25/2019 19:45,3.07,12.75,3.25,5.19
1/25/2019 20:00,3.07,12.74,3.23,5.19
1/25/2019 20:15,3.07,12.74,3.22,5.2
1/25/2019 20:30,3.06,12.74,3.21,5.2
1/25/2019 20:45,3.06,12.74,3.21,5.21
1/25/2019 21:00,3.06,12.74,3.2,5.21
1/25/2019 21:15,3.06,12.74,3.19,5.22
1/25/2019 21:30,3.07,12.74,3.18,5.22
1/25/2019 21:45,3.06,12.74,3.18,5.22
1/25/2019 22:00,3.06,12.73,3.17,5.23
1/25/2019 22:15,3.07,12.75,3.18,5.23
1/25/2019 22:30,3.07,12.75,3.17,5.23
1/25/2019 22:45,3.07,12.75,3.16,5.22
1/25/2019 23:00,3.06,12.76,3.15,5.22
1/25/2019 23:15,3.06,12.75,3.16,5.22
1/25/2019 23:30,3.05,12.75,3.16,5.22
1/25/2019 23:45,3.05,12.75,3.16,5.22
1/26/2019 0:00,3.08,12.75,3.16,5.22
1/26/2019 0:15,3.13,12.77,3.16,5.22
1/26/2019 0:30,3.14,12.76,3.15,5.21
1/26/2019 0:45,3.12,12.77,3.15,5.21
1/26/2019 1:00,3.11,12.77,3.14,5.21
1/26/2019 1:15,3.1,12.77,3.14,5.2
1/26/2019 1:30,3.09,12.76,3.15,5.2
1/26/2019 1:45,3.07,12.75,3.14,5.2
1/26/2019 2:00,3.06,12.76,3.15,5.19
1/26/2019 2:15,3.06,12.75,3.15,5.19
1/26/2019 2:30,3.06,12.76,3.16,5.19
1/26/2019 2:45,3.06,12.79,3.16,5.18
1/26/2019 3:00,3.05,12.79,3.16,5.18
1/26/2019 3:15,3.05,12.79,3.17,5.18
1/26/2019 3:30,3.04,12.79,3.16,5.17
1/26/2019 3:45,3.04,12.78,3.16,5.16
1/26/2019 4:00,3.04,12.78,3.16,5.16
1/26/2019 4:15,3.04,12.78,3.16,5.16
1/26/2019 4:30,3.03,12.79,3.16,5.16
1/26/2019 4:45,3.03,12.79,3.17,5.15
1/26/2019 5:00,3.02,12.79,3.17,5.15
1/26/2019 5:15,3.02,12.79,3.18,5.14
1/26/2019 5:30,3.02,12.79,3.18,5.14
1/26/2019 5:45,3.03,12.79,3.18,5.14
1/26/2019 6:00,3.02,12.79,3.18,5.14
1/26/2019 6:15,3.02,12.78,3.17,5.13
1/26/2019 6:30,3.02,12.78,3.16,5.13
1/26/2019 6:45,3.02,12.78,3.14,5.13
1/26/2019 7:00,3.02,12.78,3.14,5.12
1/26/2019 7:15,3.02,12.79,3.14,5.12
1/26/2019 7:30,3.02,12.79,3.14,5.12
1/26/2019 7:45,3.03,12.79,3.13,5.11
1/26/2019 8:00,3.04,12.8,3.13,5.11
1/26/2019 8:15,3.04,12.79,3.14,5.11
1/26/2019 8:30,3.04,12.79,3.14,5.11
1/26/2019 8:45,3.04,12.79,3.13,5.11
1/26/2019 9:00,3.04,12.77,3.13,5.11
1/26/2019 9:15,3.04,12.81,3.13,5.11
1/26/2019 9:30,3.04,12.77,3.14,5.11
1/26/2019 9:45,3.05,12.76,3.14,5.11
1/26/2019 10:00,3.05,12.76,3.13,5.11
1/26/2019 10:15,3.05,12.76,3.13,5.1
1/26/2019 10:30,3.05,12.75,3.12,5.11
1/26/2019 10:45,3.05,12.75,3.12,5.11
1/26/2019 11:00,3.05,12.76,3.12,5.11
1/26/2019 11:15,3.06,12.75,3.12,5.11
1/26/2019 11:30,3.05,12.75,3.12,5.11
1/26/2019 11:45,3.05,12.77,3.12,5.11
1/26/2019 12:00,3.05,12.76,3.12,5.11
1/26/2019 12:15,3.05,12.76,3.11,5.11
1/26/2019 12:30,3.04,12.77,3.11,5.1
1/26/2019 12:45,3.04,12.75,3.12,5.11
1/26/2019 13:00,3.05,12.75,3.12,5.11
1/26/2019 13:15,3.05,12.76,3.12,5.11
1/26/2019 13:30,3.04,12.76,3.12,5.11
1/26/2019 13:45,3.05,12.75,3.14,5.11
1/26/2019 14:00,3.05,12.75,3.12,5.11
1/26/2019 14:15,3.06,12.75,3.14,5.11
1/26/2019 14:30,3.06,12.75,3.11,5.11
1/26/2019 14:45,3.04,12.75,3.13,5.11
1/26/2019 15:00,3.05,12.75,3.14,5.11
1/26/2019 15:15,3.05,12.75,3.14,5.11
1/26/2019 15:30,3.05,12.75,3.13,5.11
1/26/2019 15:45,3.05,12.75,3.12,5.11
1/26/2019 16:00,3.05,12.76,3.14,5.11
1/26/2019 16:15,3.06,12.76,3.12,5.11
1/26/2019 16:30,3.05,12.75,3.13,5.11
1/26/2019 16:45,3.05,12.75,3.13,5.11
1/26/2019 17:00,3.06,12.75,3.14,5.11
1/26/2019 17:15,3.06,12.75,3.14,5.11
1/26/2019 17:30,3.06,12.74,3.14,5.11
1/26/2019 17:45,3.06,12.75,3.14,5.12
1/26/2019 18:00,3.05,12.75,3.13,5.12
1/26/2019 18:15,3.05,12.74,3.13,5.12
1/26/2019 18:30,3.05,12.74,3.12,5.12
1/26/2019 18:45,3.06,12.74,3.12,5.12
1/26/2019 19:00,3.06,12.74,3.12,5.12
1/26/2019 19:15,3.06,12.73,3.12,5.12
1/26/2019 19:30,3.05,12.73,3.13,5.12
1/26/2019 19:45,3.04,12.73,3.13,5.12
1/26/2019 20:00,3.05,12.72,3.13,5.12
1/26/2019 20:15,3.05,12.73,3.12,5.12
1/26/2019 20:30,3.05,12.73,3.13,5.12
1/26/2019 20:45,3.05,12.73,3.13,5.12
1/26/2019 21:00,3.04,12.74,3.12,5.12
1/26/2019 21:15,3.04,12.74,3.13,5.12
1/26/2019 21:30,3.05,12.75,3.12,5.12
1/26/2019 21:45,3.05,12.75,3.12,5.12
1/26/2019 22:00,3.05,12.76,3.13,5.12
1/26/2019 22:15,3.05,12.76,3.13,5.12
1/26/2019 22:30,3.05,12.76,3.12,5.12
1/26/2019 22:45,3.04,12.75,3.12,5.11
1/26/2019 23:00,3.05,12.76,3.12,5.11
1/26/2019 23:15,3.08,12.75,3.12,5.11
1/26/2019 23:30,3.1,12.75,3.13,5.11
1/26/2019 23:45,3.12,12.75,3.13,5.11
1/27/2019 0:00,3.13,12.74,3.13,5.11
1/27/2019 0:15,3.14,12.74,3.13,5.11
1/27/2019 0:30,3.12,12.74,3.13,5.1
1/27/2019 0:45,3.09,12.75,3.13,5.1
1/27/2019 1:00,3.07,12.77,3.13,5.1
1/27/2019 1:15,3.06,12.76,3.13,5.1
1/27/2019 1:30,3.04,12.77,3.14,5.09
1/27/2019 1:45,3.04,12.77,3.14,5.1
1/27/2019 2:00,3.04,12.76,3.14,5.1
1/27/2019 2:15,3.03,12.76,3.14,5.1
1/27/2019 2:30,3.03,12.78,3.13,5.1
1/27/2019 2:45,3.03,12.78,3.13,5.09
1/27/2019 3:00,3.03,12.8,3.13,5.09
1/27/2019 3:15,3.03,12.8,3.14,5.09
1/27/2019 3:30,3.03,12.79,3.15,5.09
1/27/2019 3:45,3.02,12.79,3.15,5.09
1/27/2019 4:00,3.02,12.79,3.16,5.09
1/27/2019 4:15,3.02,12.8,3.16,5.09
1/27/2019 4:30,3.02,12.8,3.17,5.09
1/27/2019 4:45,3.03,12.8,3.16,5.1
1/27/2019 5:00,3.03,12.8,3.16,5.09
1/27/2019 5:15,3.02,12.79,3.15,5.09
1/27/2019 5:30,3.02,12.8,3.16,5.09
1/27/2019 5:45,3.02,12.79,3.15,5.09
1/27/2019 6:00,3.02,12.79,3.14,5.09
1/27/2019 6:15,3.02,12.79,3.13,5.09
1/27/2019 6:30,3.02,12.79,3.13,5.09
1/27/2019 6:45,3.02,12.79,3.12,5.09
1/27/2019 7:00,3.02,12.8,3.11,5.08
1/27/2019 7:15,3.03,12.8,3.12,5.08
1/27/2019 7:30,3.03,12.79,3.13,5.08
1/27/2019 7:45,3.04,12.8,3.13,5.08
1/27/2019 8:00,3.03,12.79,3.13,5.09
1/27/2019 8:15,3.04,12.81,3.12,5.09
1/27/2019 8:30,3.05,12.8,3.11,5.08
1/27/2019 8:45,3.05,12.79,3.12,5.09
1/27/2019 9:00,3.05,12.79,3.12,5.09
1/27/2019 9:15,3.05,12.79,3.12,5.09
1/27/2019 9:30,3.06,12.81,3.12,5.08
1/27/2019 9:45,3.05,12.77,3.11,5.08
1/27/2019 10:00,3.06,12.8,3.11,5.09
1/27/2019 10:15,3.06,12.77,3.11,5.09
1/27/2019 10:30,3.06,12.78,3.11,5.09
1/27/2019 10:45,3.05,12.81,3.1,5.09
1/27/2019 11:00,3.05,12.81,3.1,5.09
1/27/2019 11:15,3.05,12.81,3.1,5.09
1/27/2019 11:30,3.05,12.81,3.1,5.09
1/27/2019 11:45,3.05,12.75,3.11,5.09
1/27/2019 12:00,3.05,12.76,3.11,5.09
1/27/2019 12:15,3.06,12.75,3.1,5.09
1/27/2019 12:30,3.06,12.76,3.11,5.08
1/27/2019 12:45,3.06,12.76,3.11,5.08
1/27/2019 13:00,3.05,12.76,3.12,5.08
1/27/2019 13:15,3.05,12.76,3.13,5.07
1/27/2019 13:30,3.05,12.76,3.14,5.07
1/27/2019 13:45,3.06,12.76,3.13,5.07
1/27/2019 14:00,3.06,12.76,3.12,5.07
1/27/2019 14:15,3.06,12.77,3.13,5.07
1/27/2019 14:30,3.06,12.77,3.13,5.07
1/27/2019 14:45,3.06,12.77,3.13,5.07
1/27/2019 15:00,3.06,12.76,3.12,5.07
1/27/2019 15:15,3.06,12.75,3.12,5.07
1/27/2019 15:30,3.06,12.76,3.13,5.07
1/27/2019 15:45,3.06,12.76,3.14,5.08
1/27/2019 16:00,3.06,12.75,3.14,5.08
1/27/2019 16:15,3.06,12.75,3.14,5.08
1/27/2019 16:30,3.05,12.76,3.12,5.09
1/27/2019 16:45,3.05,12.76,3.11,5.09
1/27/2019 17:00,3.05,12.76,3.11,5.09
1/27/2019 17:15,3.05,12.75,3.12,5.09
1/27/2019 17:30,3.05,12.75,3.13,5.09
1/27/2019 17:45,3.06,12.75,3.13,5.1
1/27/2019 18:00,3.06,12.75,3.12,5.1
1/27/2019 18:15,3.06,12.73,3.13,5.11
1/27/2019 18:30,3.06,12.73,3.13,5.1
1/27/2019 18:45,3.06,12.75,3.13,5.11
1/27/2019 19:00,3.05,12.74,3.12,5.11
1/27/2019 19:15,3.05,12.74,3.11,5.11
1/27/2019 19:30,3.06,12.74,3.12,5.12
1/27/2019 19:45,3.05,12.75,3.13,5.12
1/27/2019 20:00,3.06,12.75,3.13,5.12
1/27/2019 20:15,3.06,12.75,3.12,5.12
1/27/2019 20:30,3.06,12.75,3.12,5.12
1/27/2019 20:45,3.06,12.75,3.11,5.12
1/27/2019 21:00,3.06,12.75,3.12,5.12
1/27/2019 21:15,3.06,12.76,3.12,5.12
1/27/2019 21:30,3.06,12.76,3.12,5.12
1/27/2019 21:45,3.06,12.76,3.13,5.13
1/27/2019 22:00,3.06,12.76,3.13,5.12
1/27/2019 22:15,3.06,12.76,3.13,5.12
1/27/2019 22:30,3.06,12.76,3.12,5.12
1/27/2019 22:45,3.06,12.75,3.12,5.12
1/27/2019 23:00,3.06,12.75,3.12,5.12
1/27/2019 23:15,3.08,12.75,3.11,5.12
1/27/2019 23:30,3.11,12.75,3.12,5.12
1/27/2019 23:45,3.13,12.75,3.13,5.11
1/28/2019 0:00,3.14,12.75,3.13,5.1
1/28/2019 0:15,3.15,12.75,3.13,5.1
1/28/2019 0:30,3.13,12.75,3.13,5.1
1/28/2019 0:45,3.11,12.76,3.13,5.1
1/28/2019 1:00,3.09,12.76,3.13,5.1
1/28/2019 1:15,3.07,12.76,3.14,5.1
1/28/2019 1:30,3.07,12.76,3.13,5.1
1/28/2019 1:45,3.06,12.76,3.13,5.11
1/28/2019 2:00,3.05,12.76,3.14,5.09
1/28/2019 2:15,3.04,12.76,3.13,5.1
1/28/2019 2:30,3.04,12.77,3.14,5.1
1/28/2019 2:45,3.04,12.77,3.13,5.1
1/28/2019 3:00,3.04,12.77,3.14,5.1
1/28/2019 3:15,3.04,12.77,3.14,5.1
1/28/2019 3:30,3.05,12.76,3.14,5.11
1/28/2019 3:45,3.05,12.76,3.15,5.11
1/28/2019 4:00,3.05,12.77,3.15,5.1
1/28/2019 4:15,3.05,12.79,3.16,5.1
1/28/2019 4:30,3.05,12.79,3.17,5.1
1/28/2019 4:45,3.05,12.79,3.16,5.1
1/28/2019 5:00,3.05,12.79,3.15,5.1
1/28/2019 5:15,3.04,12.79,3.14,5.1
1/28/2019 5:30,3.04,12.79,3.15,5.1
1/28/2019 5:45,3.04,12.79,3.14,5.1
1/28/2019 6:00,3.04,12.79,3.15,5.09
1/28/2019 6:15,3.04,12.78,3.15,5.09
1/28/2019 6:30,3.04,12.79,3.14,5.09
1/28/2019 6:45,3.04,12.78,3.12,5.09
1/28/2019 7:00,3.05,12.77,3.13,5.09
1/28/2019 7:15,3.05,12.78,3.13,5.09
1/28/2019 7:30,3.06,12.78,3.13,5.09
1/28/2019 7:45,3.06,12.77,3.14,5.09
1/28/2019 8:00,3.07,12.76,3.13,5.09
1/28/2019 8:15,3.07,12.76,3.12,5.09
1/28/2019 8:30,3.07,12.76,3.13,5.09
1/28/2019 8:45,3.07,12.76,3.12,5.09
1/28/2019 9:00,3.07,12.76,3.12,5.09
1/28/2019 9:15,3.06,12.76,3.13,5.09
1/28/2019 9:30,3.06,12.76,3.11,5.09
1/28/2019 9:45,3.06,12.76,3.12,5.09
1/28/2019 10:00,3.07,12.75,3.1,5.09
1/28/2019 10:15,3.07,12.75,3.12,5.09
1/28/2019 10:30,3.06,12.76,3.11,5.09
1/28/2019 10:45,3.07,12.75,3.11,5.09
1/28/2019 11:00,3.06,12.75,3.12,5.09
1/28/2019 11:15,3.06,12.75,3.13,5.1
1/28/2019 11:30,3.06,12.75,3.13,5.1
1/28/2019 11:45,3.06,12.76,3.13,5.09
1/28/2019 12:00,3.05,12.76,3.14,5.09
1/28/2019 12:15,3.06,12.76,3.13,5.09
1/28/2019 12:30,3.06,12.75,3.12,5.09
1/28/2019 12:45,3.06,12.76,3.13,5.09
1/28/2019 13:00,3.07,12.76,3.12,5.1
1/28/2019 13:15,3.06,12.76,3.12,5.09
1/28/2019 13:30,3.07,12.76,3.12,5.09
1/28/2019 13:45,3.06,12.75,3.13,5.09
1/28/2019 14:00,3.05,12.74,3.13,5.09
1/28/2019 14:15,3.05,12.74,3.14,5.1
1/28/2019 14:30,3.05,12.74,3.14,5.1
1/28/2019 14:45,3.06,12.75,3.14,5.1
1/28/2019 15:00,3.05,12.75,3.12,5.1
1/28/2019 15:15,3.06,12.76,3.13,5.1
1/28/2019 15:30,3.06,12.75,3.09,5.1
1/28/2019 15:45,3.06,12.76,3.1,5.1
1/28/2019 16:00,3.06,12.74,3.11,5.1
1/28/2019 16:15,3.06,12.73,3.1,5.1
1/28/2019 16:30,3.06,12.74,3.12,5.1
1/28/2019 16:45,3.06,12.74,3.11,5.1
1/28/2019 17:00,3.06,12.73,3.12,5.1
1/28/2019 17:15,3.06,12.74,3.12,5.1
1/28/2019 17:30,3.06,12.74,3.11,5.09
1/28/2019 17:45,3.06,12.75,3.12,5.1
1/28/2019 18:00,3.06,12.75,3.13,5.09
1/28/2019 18:15,3.06,12.75,3.12,5.09
1/28/2019 18:30,3.06,12.74,3.11,5.09
1/28/2019 18:45,3.06,12.74,3.11,5.09
1/28/2019 19:00,3.06,12.75,3.11,5.09
1/28/2019 19:15,3.05,12.76,3.12,5.09
1/28/2019 19:30,3.05,12.75,3.12,5.08
1/28/2019 19:45,3.05,12.75,3.11,5.08
1/28/2019 20:00,3.05,12.75,3.12,5.08
1/28/2019 20:15,3.05,12.75,3.13,5.08
1/28/2019 20:30,3.05,12.74,3.12,5.08
1/28/2019 20:45,3.05,12.74,3.11,5.08
1/28/2019 21:00,3.05,12.73,3.11,5.08
1/28/2019 21:15,3.05,12.74,3.11,5.08
1/28/2019 21:30,3.05,12.75,3.12,5.07
1/28/2019 21:45,3.05,12.75,3.11,5.08
1/28/2019 22:00,3.06,12.76,3.12,5.07
1/28/2019 22:15,3.06,12.76,3.13,5.08
1/28/2019 22:30,3.07,12.76,3.14,5.08
1/28/2019 22:45,3.07,12.76,3.13,5.08
1/28/2019 23:00,3.08,12.76,3.13,5.07
1/28/2019 23:15,3.11,12.75,3.13,5.08
1/28/2019 23:30,3.14,12.76,3.13,5.08
1/28/2019 23:45,3.16,12.76,3.13,5.07
1/29/2019 0:00,3.17,12.76,3.12,5.08
1/29/2019 0:15,3.17,12.75,3.12,5.08
1/29/2019 0:30,3.15,12.76,3.12,5.08
1/29/2019 0:45,3.12,12.76,3.12,5.08
1/29/2019 1:00,3.09,12.77,3.13,5.09
1/29/2019 1:15,3.08,12.77,3.12,5.09
1/29/2019 1:30,3.06,12.77,3.12,5.09
1/29/2019 1:45,3.06,12.78,3.11,5.09
1/29/2019 2:00,3.06,12.78,3.1,5.09
1/29/2019 2:15,3.06,12.79,3.11,5.09
1/29/2019 2:30,3.05,12.8,3.11,5.09
1/29/2019 2:45,3.05,12.81,3.12,5.1
1/29/2019 3:00,3.06,12.81,3.12,5.1
1/29/2019 3:15,3.05,12.8,3.13,5.1
1/29/2019 3:30,3.05,12.8,3.15,5.1
1/29/2019 3:45,3.04,12.79,3.16,5.1
1/29/2019 4:00,3.04,12.78,3.16,5.1
1/29/2019 4:15,3.05,12.78,3.16,5.09
1/29/2019 4:30,3.05,12.78,3.15,5.1
1/29/2019 4:45,3.06,12.77,3.16,5.1
1/29/2019 5:00,3.06,12.78,3.16,5.1
1/29/2019 5:15,3.06,12.78,3.16,5.1
1/29/2019 5:30,3.06,12.79,3.16,5.1
1/29/2019 5:45,3.06,12.79,3.15,5.1
1/29/2019 6:00,3.05,12.79,3.14,5.1
1/29/2019 6:15,3.05,12.8,3.15,5.1
1/29/2019 6:30,3.05,12.8,3.14,5.1
1/29/2019 6:45,3.05,12.79,3.13,5.1
1/29/2019 7:00,3.05,12.78,3.12,5.1
1/29/2019 7:15,3.05,12.79,3.12,5.1
1/29/2019 7:30,3.06,12.78,3.11,5.1
1/29/2019 7:45,3.06,12.78,3.11,5.1
1/29/2019 8:00,3.06,12.78,3.11,5.1
1/29/2019 8:15,3.04,12.78,3.13,5.1
1/29/2019 8:30,3.04,12.78,3.13,5.1
1/29/2019 8:45,3.05,12.78,3.13,5.1
1/29/2019 9:00,3.05,12.8,3.12,5.1
1/29/2019 9:15,3.05,12.79,3.13,5.1
1/29/2019 9:30,3.05,12.79,3.12,5.1
1/29/2019 9:45,3.06,12.78,3.11,5.1
1/29/2019 10:00,3.05,12.79,3.12,5.1
1/29/2019 10:15,3.04,12.78,3.12,5.1
1/29/2019 10:30,3.04,12.78,3.13,5.09
1/29/2019 10:45,3.05,12.79,3.12,5.09
1/29/2019 11:00,3.06,12.8,3.11,5.09
1/29/2019 11:15,3.06,12.79,3.12,5.09
1/29/2019 11:30,3.05,12.77,3.12,5.09
1/29/2019 11:45,3.05,12.76,3.11,5.09
1/29/2019 12:00,3.05,12.78,3.11,5.09
1/29/2019 12:15,3.03,12.76,3.12,5.09
1/29/2019 12:30,3.03,12.75,3.12,5.09
1/29/2019 12:45,3.04,12.74,3.11,5.09
1/29/2019 13:00,3.05,12.75,3.11,5.09
1/29/2019 13:15,3.06,12.75,3.11,5.09
1/29/2019 13:30,3.06,12.75,3.11,5.09
1/29/2019 13:45,3.04,12.75,3.11,5.09
1/29/2019 14:00,3.06,12.75,3.11,5.09
1/29/2019 14:15,3.07,12.75,3.12,5.09
1/29/2019 14:30,3.06,12.76,3.11,5.09
1/29/2019 14:45,3.05,12.77,3.11,5.09
1/29/2019 15:00,3.05,12.75,3.1,5.09
1/29/2019 15:15,3.05,12.75,3.12,5.09
1/29/2019 15:30,3.05,12.75,3.13,5.09
1/29/2019 15:45,3.05,12.76,3.13,5.09
1/29/2019 16:00,3.05,12.75,3.13,5.09
1/29/2019 16:15,3.06,12.74,3.13,5.09
1/29/2019 16:30,3.06,12.73,3.13,5.09
1/29/2019 16:45,3.05,12.74,3.12,5.09
1/29/2019 17:00,3.04,12.73,3.12,5.09
1/29/2019 17:15,3.05,12.73,3.1,5.09
1/29/2019 17:30,3.06,12.74,3.1,5.09
1/29/2019 17:45,3.05,12.75,3.1,5.08
1/29/2019 18:00,3.05,12.75,3.11,5.09
1/29/2019 18:15,3.05,12.76,3.11,5.09
1/29/2019 18:30,3.06,12.75,3.12,5.09
1/29/2019 18:45,3.06,12.76,3.12,5.09
1/29/2019 19:00,3.06,12.76,3.12,5.09
1/29/2019 19:15,3.06,12.76,3.12,5.09
1/29/2019 19:30,3.05,12.76,3.12,5.09
1/29/2019 19:45,3.05,12.76,3.12,5.09
1/29/2019 20:00,3.05,12.76,3.12,5.09
1/29/2019 20:15,3.05,12.76,3.1,5.09
1/29/2019 20:30,3.06,12.76,3.11,5.09
1/29/2019 20:45,3.04,12.76,3.11,5.09
1/29/2019 21:00,3.04,12.76,3.1,5.09
1/29/2019 21:15,3.05,12.76,3.1,5.09
1/29/2019 21:30,3.05,12.76,3.12,5.09
1/29/2019 21:45,3.06,12.76,3.11,5.09
1/29/2019 22:00,3.06,12.76,3.12,5.09
1/29/2019 22:15,3.06,12.77,3.12,5.09
1/29/2019 22:30,3.07,12.77,3.12,5.09
1/29/2019 22:45,3.07,12.77,3.11,5.09
1/29/2019 23:00,3.07,12.77,3.11,5.09
1/29/2019 23:15,3.05,12.78,3.1,5.09
1/29/2019 23:30,3.05,12.78,3.11,5.09
1/29/2019 23:45,3.07,12.78,3.11,5.09
1/30/2019 0:00,3.12,12.77,3.11,5.09
1/30/2019 0:15,3.13,12.77,3.12,5.09
1/30/2019 0:30,3.14,12.79,3.11,5.09
1/30/2019 0:45,3.12,12.78,3.11,5.09
1/30/2019 1:00,3.1,12.79,3.11,5.09
1/30/2019 1:15,3.07,12.79,3.11,5.1
1/30/2019 1:30,3.03,12.79,3.11,5.09
1/30/2019 1:45,3.03,12.79,3.11,5.09
1/30/2019 2:00,3.03,12.79,3.12,5.09
1/30/2019 2:15,3.02,12.8,3.13,5.09
1/30/2019 2:30,3.03,12.8,3.13,5.09
1/30/2019 2:45,3.03,12.8,3.13,5.09
1/30/2019 3:00,3.03,12.8,3.13,5.09
1/30/2019 3:15,3.04,12.81,3.14,5.09
1/30/2019 3:30,3.04,12.8,3.14,5.09
1/30/2019 3:45,3.04,12.79,3.15,5.09
1/30/2019 4:00,3.04,12.79,3.14,5.09
1/30/2019 4:15,3.03,12.8,3.15,5.09
1/30/2019 4:30,3.02,12.79,3.15,5.09
1/30/2019 4:45,3.02,12.79,3.15,5.09
1/30/2019 5:00,3.04,12.77,3.13,5.09
1/30/2019 5:15,3.04,12.78,3.14,5.09
1/30/2019 5:30,3.04,12.77,3.14,5.09
1/30/2019 5:45,3.05,12.77,3.13,5.09
1/30/2019 6:00,3.05,12.78,3.13,5.09
1/30/2019 6:15,3.04,12.78,3.13,5.09
1/30/2019 6:30,3.06,12.79,3.14,5.09
1/30/2019 6:45,3.05,12.78,3.14,5.09
1/30/2019 7:00,3.06,12.77,3.14,5.09
1/30/2019 7:15,3.05,12.77,3.12,5.09
1/30/2019 7:30,3.05,12.78,3.12,5.09
1/30/2019 7:45,3.03,12.78,3.11,5.09
1/30/2019 8:00,3.04,12.78,3.11,5.09
1/30/2019 8:15,3.04,12.78,3.12,5.09
1/30/2019 8:30,3.02,12.78,3.11,5.09
1/30/2019 8:45,3.01,12.77,3.12,5.09
1/30/2019 9:00,3.01,12.76,3.13,5.09
1/30/2019 9:15,3.02,12.77,3.13,5.09
1/30/2019 9:30,3.01,12.78,3.13,5.09
1/30/2019 9:45,3.01,12.77,3.12,5.09
1/30/2019 10:00,3.01,12.78,3.13,5.09
1/30/2019 10:15,3.02,12.77,3.13,5.08
1/30/2019 10:30,3.02,12.77,3.12,5.09
1/30/2019 10:45,3.02,12.77,3.12,5.08
1/30/2019 11:00,3.01,12.76,3.13,5.08
1/30/2019 11:15,3.01,12.76,3.13,5.08
1/30/2019 11:30,3,12.76,3.13,5.08
1/30/2019 11:45,3,12.76,3.13,5.08
1/30/2019 12:00,3,12.74,3.13,5.08
1/30/2019 12:15,3,12.74,3.13,5.08
1/30/2019 12:30,3.01,12.74,3.13,5.08
1/30/2019 12:45,3.01,12.75,3.13,5.08
1/30/2019 13:00,3.02,12.75,3.12,5.08
1/30/2019 13:15,3.02,12.75,3.11,5.08
1/30/2019 13:30,3.01,12.74,3.1,5.08
1/30/2019 13:45,3.01,12.75,3.1,5.08
1/30/2019 14:00,3.02,12.75,3.11,5.08
1/30/2019 14:15,3.03,12.75,3.12,5.08
1/30/2019 14:30,3.04,12.75,3.11,5.08
1/30/2019 14:45,3.05,12.75,3.11,5.09
1/30/2019 15:00,3.04,12.75,3.11,5.08
1/30/2019 15:15,3.04,12.75,3.1,5.08
1/30/2019 15:30,3.03,12.74,3.1,5.09
1/30/2019 15:45,3.04,12.73,3.1,5.09
1/30/2019 16:00,3.04,12.74,3.1,5.09
1/30/2019 16:15,3.03,12.75,3.11,5.09
1/30/2019 16:30,3.04,12.75,3.11,5.09
1/30/2019 16:45,3.04,12.75,3.11,5.09
1/30/2019 17:00,3.04,12.75,3.1,5.09
1/30/2019 17:15,3.03,12.75,3.1,5.09
1/30/2019 17:30,3.04,12.75,3.1,5.09
1/30/2019 17:45,3.04,12.76,3.1,5.08
1/30/2019 18:00,3.04,12.76,3.1,5.09
1/30/2019 18:15,3.02,12.76,3.1,5.08
1/30/2019 18:30,3.02,12.76,3.11,5.08
1/30/2019 18:45,3.02,12.76,3.12,5.07
1/30/2019 19:00,3.03,12.77,3.11,5.07
1/30/2019 19:15,3.05,12.75,3.12,5.07
1/30/2019 19:30,3.06,12.74,3.12,5.07
1/30/2019 19:45,3.06,12.75,3.11,5.07
1/30/2019 20:00,3.07,12.75,3.1,5.06
1/30/2019 20:15,3.07,12.74,3.1,5.06
1/30/2019 20:30,3.06,12.73,3.11,5.06
1/30/2019 20:45,3.05,12.74,3.12,5.06
1/30/2019 21:00,3.07,12.76,3.12,5.06
1/30/2019 21:15,3.07,12.76,3.11,5.06
1/30/2019 21:30,3.08,12.77,3.12,5.06
1/30/2019 21:45,3.08,12.77,3.12,5.06
1/30/2019 22:00,3.08,12.76,3.12,5.06
1/30/2019 22:15,3.08,12.76,3.12,5.06
1/30/2019 22:30,3.08,12.76,3.12,5.06
1/30/2019 22:45,3.08,12.76,3.13,5.06
1/30/2019 23:00,3.07,12.77,3.13,5.06
1/30/2019 23:15,3.06,12.77,3.13,5.06
1/30/2019 23:30,3.05,12.77,3.14,5.06
1/30/2019 23:45,3.08,12.77,3.15,5.06
1/31/2019 0:00,3.1,12.77,3.16,5.06
1/31/2019 0:15,3.12,12.77,3.16,5.07
1/31/2019 0:30,3.12,12.77,3.15,5.07
1/31/2019 0:45,3.09,12.77,3.16,5.07
1/31/2019 1:00,3.06,12.77,3.15,5.07
1/31/2019 1:15,3.04,12.77,3.16,5.07
1/31/2019 1:30,3.02,12.76,3.16,5.08
1/31/2019 1:45,3.02,12.75,3.17,5.09
1/31/2019 2:00,3.02,12.76,3.16,5.09
1/31/2019 2:15,3.02,12.77,3.16,5.09
1/31/2019 2:30,3.01,12.78,3.16,5.09
1/31/2019 2:45,3.01,12.79,3.16,5.08
1/31/2019 3:00,3,12.79,3.16,5.09
1/31/2019 3:15,3,12.78,3.16,5.09
1/31/2019 3:30,2.99,12.78,3.16,5.09
1/31/2019 3:45,3.01,12.77,3.16,5.09
1/31/2019 4:00,3.01,12.76,3.17,5.09
1/31/2019 4:15,3.02,12.75,3.17,5.1
1/31/2019 4:30,3.02,12.74,3.18,5.1
1/31/2019 4:45,3,12.75,3.17,5.1
1/31/2019 5:00,2.99,12.75,3.17,5.1
1/31/2019 5:15,2.99,12.74,3.15,5.1
1/31/2019 5:30,3,12.74,3.15,5.1
1/31/2019 5:45,3.01,12.74,3.15,5.1
1/31/2019 6:00,3.01,12.74,3.15,5.1
1/31/2019 6:15,3.01,12.73,3.16,5.1
1/31/2019 6:30,3.02,12.73,3.15,5.1
1/31/2019 6:45,3.02,12.73,3.15,5.1
1/31/2019 7:00,3.02,12.73,3.15,5.09
1/31/2019 7:15,3.02,12.72,3.14,5.09
1/31/2019 7:30,3.01,12.71,3.14,5.09
1/31/2019 7:45,2.99,12.7,3.14,5.08
1/31/2019 8:00,3,12.69,3.14,5.08
1/31/2019 8:15,3.01,12.7,3.14,5.08
1/31/2019 8:30,3.02,12.7,3.13,5.08
1/31/2019 8:45,3.02,12.7,3.14,5.08
1/31/2019 9:00,3.03,12.7,3.15,5.07
1/31/2019 9:15,3.02,12.69,3.14,5.07
1/31/2019 9:30,3.02,12.69,3.14,5.07
1/31/2019 9:45,3.02,12.7,3.14,5.07
1/31/2019 10:00,3.02,12.7,3.14,5.07
1/31/2019 10:15,3.02,12.7,3.14,5.07
1/31/2019 10:30,3.02,12.69,3.14,5.07
1/31/2019 10:45,3.01,12.68,3.14,5.07
1/31/2019 11:00,2.98,12.68,3.15,5.07
1/31/2019 11:15,3,12.68,3.14,5.07
1/31/2019 11:30,3.02,12.68,3.14,5.07
1/31/2019 11:45,3.02,12.69,3.13,5.07
1/31/2019 12:00,3.03,12.68,3.14,5.07
1/31/2019 12:15,3.02,12.68,3.14,5.07
1/31/2019 12:30,3.02,12.68,3.15,5.07
1/31/2019 12:45,3,12.68,3.14,5.07
1/31/2019 13:00,3.03,12.68,3.15,5.07
1/31/2019 13:15,3.02,12.67,3.15,5.07
1/31/2019 13:30,3.03,12.68,3.15,5.07
1/31/2019 13:45,3.02,12.68,3.15,5.07
1/31/2019 14:00,3,12.68,3.15,5.07
1/31/2019 14:15,2.99,12.69,3.15,5.07
1/31/2019 14:30,3,12.7,3.15,5.08
1/31/2019 14:45,3.01,12.69,3.15,5.08
1/31/2019 15:00,3.01,12.67,3.15,5.08
1/31/2019 15:15,3.02,12.66,3.15,5.08
1/31/2019 15:30,3.02,12.67,3.14,5.08
1/31/2019 15:45,3.03,12.67,3.15,5.08
1/31/2019 16:00,3.02,12.68,3.16,5.08
1/31/2019 16:15,3.02,12.68,3.16,5.08
1/31/2019 16:30,3.02,12.69,3.16,5.08
1/31/2019 16:45,3.01,12.68,3.15,5.08
1/31/2019 17:00,3,12.67,3.15,5.08
1/31/2019 17:15,2.99,12.67,3.15,5.08
1/31/2019 17:30,2.98,12.67,3.16,5.08
1/31/2019 17:45,2.98,12.68,3.15,5.08
1/31/2019 18:00,2.99,12.69,3.15,5.08
1/31/2019 18:15,2.99,12.69,3.15,5.08
1/31/2019 18:30,3.01,12.69,3.14,5.07
1/31/2019 18:45,3.01,12.68,3.14,5.07
1/31/2019 19:00,3,12.69,3.14,5.07
1/31/2019 19:15,3,12.69,3.13,5.07
1/31/2019 19:30,3.01,12.7,3.13,5.06
1/31/2019 19:45,3.01,12.7,3.14,5.06
1/31/2019 20:00,3.01,12.67,3.13,5.06
1/31/2019 20:15,3.01,12.69,3.13,5.06
1/31/2019 20:30,3.01,12.69,3.13,5.06
1/31/2019 20:45,3.01,12.68,3.13,5.06
1/31/2019 21:00,3.01,12.68,3.14,5.05
1/31/2019 21:15,3.02,12.69,3.14,5.05
1/31/2019 21:30,3.02,12.7,3.14,5.05
1/31/2019 21:45,3.01,12.69,3.15,5.05
1/31/2019 22:00,3.01,12.7,3.14,5.05
1/31/2019 22:15,2.98,12.7,3.14,5.05
1/31/2019 22:30,2.98,12.7,3.15,5.05
1/31/2019 22:45,2.98,12.71,3.15,5.05
1/31/2019 23:00,2.99,12.7,3.15,5.05
1/31/2019 23:15,3.01,12.7,3.15,5.05
1/31/2019 23:30,3.04,12.7,3.15,5.06
1/31/2019 23:45,3.08,12.7,3.15,5.06
2/1/2019 0:00,3.11,12.71,3.15,5.06
2/1/2019 0:15,3.12,12.71,3.15,5.06
2/1/2019 0:30,3.1,12.71,3.14,5.06
2/1/2019 0:45,3.08,12.7,3.14,5.06
2/1/2019 1:00,3.07,12.7,3.14,5.06
2/1/2019 1:15,3.06,12.7,3.14,5.06
2/1/2019 1:30,3.04,12.7,3.13,5.06
2/1/2019 1:45,3.02,12.71,3.12,5.06
2/1/2019 2:00,3.01,12.72,3.13,5.06
2/1/2019 2:15,3.02,12.72,3.14,5.07
2/1/2019 2:30,3.02,12.72,3.13,5.06
2/1/2019 2:45,3.03,12.71,3.14,5.07
2/1/2019 3:00,3.03,12.71,3.15,5.07
2/1/2019 3:15,3.03,12.72,3.15,5.06
2/1/2019 3:30,3.03,12.72,3.16,5.07
2/1/2019 3:45,3,12.72,3.16,5.07
2/1/2019 4:00,2.99,12.71,3.17,5.07
2/1/2019 4:15,3,12.72,3.18,5.07
2/1/2019 4:30,3,12.72,3.18,5.07
2/1/2019 4:45,3,12.72,3.18,5.07
2/1/2019 5:00,2.99,12.72,3.18,5.08
2/1/2019 5:15,2.97,12.72,3.17,5.08
2/1/2019 5:30,2.99,12.72,3.17,5.08
2/1/2019 5:45,2.97,12.7,3.17,5.08
2/1/2019 6:00,2.96,12.7,3.16,5.08
2/1/2019 6:15,2.95,12.71,3.17,5.08
2/1/2019 6:30,2.93,12.68,3.16,5.09
2/1/2019 6:45,2.93,12.7,3.17,5.09
2/1/2019 7:00,2.94,12.7,3.17,5.09
2/1/2019 7:15,2.97,12.7,3.17,5.09
2/1/2019 7:30,2.97,12.7,3.16,5.09
2/1/2019 7:45,2.97,12.71,3.16,5.09
2/1/2019 8:00,2.97,12.71,3.16,5.1
2/1/2019 8:15,2.97,12.71,3.16,5.1
2/1/2019 8:30,2.96,12.71,3.16,5.1
2/1/2019 8:45,2.95,12.71,3.16,5.1
2/1/2019 9:00,2.95,12.71,3.15,5.1
2/1/2019 9:15,2.96,12.71,3.15,5.1
2/1/2019 9:30,2.98,12.71,3.14,5.1
2/1/2019 9:45,2.98,12.7,3.14,5.1
2/1/2019 10:00,2.99,12.7,3.14,5.1
2/1/2019 10:15,3,12.7,3.14,5.1
2/1/2019 10:30,3,12.68,3.13,5.1
2/1/2019 10:45,3,12.7,3.13,5.1
2/1/2019 11:00,3.01,12.7,3.13,5.1
2/1/2019 11:15,3.01,12.69,3.11,5.1
2/1/2019 11:30,3.01,12.71,3.12,5.1
2/1/2019 11:45,3,12.7,3.12,5.09
2/1/2019 12:00,2.99,12.69,3.12,5.09
2/1/2019 12:15,3,12.7,3.12,5.09
2/1/2019 12:30,3,12.7,3.13,5.09
2/1/2019 12:45,3,12.7,3.12,5.09
2/1/2019 13:00,3.01,12.71,3.12,5.09
2/1/2019 13:15,3,12.71,3.12,5.09
2/1/2019 13:30,3.01,12.71,3.12,5.09
2/1/2019 13:45,2.99,12.71,3.12,5.08
2/1/2019 14:00,2.99,12.71,3.12,5.08
2/1/2019 14:15,2.98,12.71,3.12,5.08
2/1/2019 14:30,2.99,12.71,3.13,5.08
2/1/2019 14:45,2.99,12.71,3.13,5.08
2/1/2019 15:00,3,12.71,3.13,5.08
2/1/2019 15:15,3,12.71,3.13,5.08
2/1/2019 15:30,3,12.71,3.14,5.08
2/1/2019 15:45,3,12.71,3.14,5.08
2/1/2019 16:00,3.01,12.71,3.14,5.08
2/1/2019 16:15,3,12.72,3.14,5.08
2/1/2019 16:30,2.98,12.71,3.14,5.08
2/1/2019 16:45,3,12.7,3.14,5.08
2/1/2019 17:00,3.01,12.7,3.14,5.08
2/1/2019 17:15,3.01,12.7,3.14,5.08
2/1/2019 17:30,3.01,12.7,3.14,5.08
2/1/2019 17:45,3,12.7,3.14,5.08
2/1/2019 18:00,2.98,12.7,3.14,5.08
2/1/2019 18:15,2.98,12.69,3.14,5.08
2/1/2019 18:30,2.99,12.69,3.14,5.08
2/1/2019 18:45,3,12.69,3.13,5.08
2/1/2019 19:00,2.99,12.68,3.14,5.08
2/1/2019 19:15,2.98,12.68,3.14,5.07
2/1/2019 19:30,2.99,12.68,3.14,5.07
2/1/2019 19:45,2.98,12.68,3.13,5.07
2/1/2019 20:00,2.98,12.7,3.13,5.07
2/1/2019 20:15,2.97,12.71,3.14,5.07
2/1/2019 20:30,2.97,12.71,3.14,5.07
2/1/2019 20:45,2.97,12.71,3.14,5.07
2/1/2019 21:00,2.98,12.71,3.13,5.07
2/1/2019 21:15,2.98,12.73,3.14,5.07
2/1/2019 21:30,2.98,12.72,3.13,5.07
2/1/2019 21:45,2.98,12.72,3.14,5.07
2/1/2019 22:00,2.99,12.72,3.14,5.07
2/1/2019 22:15,2.99,12.72,3.13,5.07
2/1/2019 22:30,2.99,12.72,3.13,5.07
2/1/2019 22:45,2.99,12.73,3.13,5.07
2/1/2019 23:00,2.98,12.72,3.13,5.07
2/1/2019 23:15,2.97,12.73,3.13,5.08
2/1/2019 23:30,2.99,12.73,3.13,5.08
2/1/2019 23:45,3.06,12.74,3.13,5.08
2/2/2019 0:00,3.1,12.73,3.13,5.08
2/2/2019 0:15,3.11,12.73,3.13,5.08
2/2/2019 0:30,3.09,12.73,3.13,5.08
2/2/2019 0:45,3.05,12.73,3.13,5.08
2/2/2019 1:00,3.02,12.73,3.13,5.08
2/2/2019 1:15,3.01,12.74,3.12,5.07
2/2/2019 1:30,3,12.74,3.13,5.07
2/2/2019 1:45,2.98,12.74,3.12,5.07
2/2/2019 2:00,2.98,12.74,3.12,5.07
2/2/2019 2:15,2.99,12.73,3.13,5.07
2/2/2019 2:30,2.98,12.73,3.13,5.07
2/2/2019 2:45,2.97,12.74,3.13,5.07
2/2/2019 3:00,2.97,12.73,3.13,5.06
2/2/2019 3:15,2.96,12.73,3.14,5.06
2/2/2019 3:30,2.97,12.74,3.15,5.06
2/2/2019 3:45,2.98,12.73,3.14,5.06
2/2/2019 4:00,2.98,12.74,3.16,5.06
2/2/2019 4:15,2.98,12.74,3.15,5.06
2/2/2019 4:30,2.95,12.74,3.15,5.06
2/2/2019 4:45,2.95,12.73,3.15,5.06
2/2/2019 5:00,2.95,12.73,3.15,5.06
2/2/2019 5:15,2.96,12.72,3.14,5.07
2/2/2019 5:30,2.97,12.71,3.14,5.07
2/2/2019 5:45,2.94,12.71,3.14,5.07
2/2/2019 6:00,2.93,12.72,3.13,5.07
2/2/2019 6:15,2.95,12.71,3.13,5.07
2/2/2019 6:30,2.95,12.72,3.14,5.07
2/2/2019 6:45,2.96,12.73,3.13,5.08
2/2/2019 7:00,2.96,12.73,3.12,5.08
2/2/2019 7:15,2.97,12.73,3.12,5.08
2/2/2019 7:30,2.97,12.72,3.12,5.08
2/2/2019 7:45,2.98,12.73,3.12,5.08
2/2/2019 8:00,2.98,12.73,3.12,5.09
2/2/2019 8:15,3,12.73,3.12,5.09
2/2/2019 8:30,2.97,12.72,3.12,5.09
2/2/2019 8:45,2.97,12.72,3.11,5.09
2/2/2019 9:00,2.98,12.73,3.11,5.09
2/2/2019 9:15,2.99,12.73,3.12,5.1
2/2/2019 9:30,2.98,12.74,3.11,5.1
2/2/2019 9:45,2.97,12.75,3.11,5.1
2/2/2019 10:00,2.97,12.73,3.11,5.1
2/2/2019 10:15,2.99,12.73,3.11,5.1
2/2/2019 10:30,2.98,12.72,3.11,5.1
2/2/2019 10:45,2.99,12.72,3.11,5.1
2/2/2019 11:00,2.99,12.72,3.11,5.1
2/2/2019 11:15,2.99,12.72,3.11,5.1
2/2/2019 11:30,2.98,12.72,3.11,5.11
2/2/2019 11:45,2.99,12.71,3.12,5.1
2/2/2019 12:00,2.97,12.69,3.11,5.1
2/2/2019 12:15,2.98,12.71,3.12,5.11
2/2/2019 12:30,2.98,12.72,3.11,5.11
2/2/2019 12:45,2.97,12.71,3.12,5.11
2/2/2019 13:00,2.97,12.71,3.13,5.11
2/2/2019 13:15,2.97,12.72,3.12,5.11
2/2/2019 13:30,2.96,12.68,3.12,5.1
2/2/2019 13:45,2.98,12.71,3.12,5.1
2/2/2019 14:00,2.98,12.7,3.13,5.1
2/2/2019 14:15,2.98,12.7,3.12,5.1
2/2/2019 14:30,2.99,12.7,3.13,5.1
2/2/2019 14:45,3,12.7,3.13,5.1
2/2/2019 15:00,2.98,12.69,3.13,5.1
2/2/2019 15:15,2.99,12.69,3.13,5.1
2/2/2019 15:30,2.98,12.69,3.12,5.1
2/2/2019 15:45,2.98,12.7,3.13,5.1
2/2/2019 16:00,2.98,12.69,3.12,5.09
2/2/2019 16:15,2.97,12.69,3.11,5.1
2/2/2019 16:30,2.99,12.7,3.12,5.09
2/2/2019 16:45,2.98,12.71,3.12,5.09
2/2/2019 17:00,2.99,12.72,3.12,5.09
2/2/2019 17:15,2.98,12.7,3.12,5.09
2/2/2019 17:30,2.98,12.69,3.12,5.09
2/2/2019 17:45,2.98,12.68,3.13,5.09
2/2/2019 18:00,2.98,12.7,3.12,5.09
2/2/2019 18:15,3,12.71,3.12,5.09
2/2/2019 18:30,3,12.73,3.12,5.08
2/2/2019 18:45,2.99,12.74,3.12,5.08
2/2/2019 19:00,2.96,12.77,3.12,5.08
2/2/2019 19:15,2.97,12.76,3.11,5.08
2/2/2019 19:30,2.98,12.73,3.11,5.07
2/2/2019 19:45,2.99,12.72,3.12,5.07
2/2/2019 20:00,2.98,12.72,3.12,5.07
2/2/2019 20:15,2.97,12.74,3.11,5.07
2/2/2019 20:30,2.98,12.73,3.12,5.07
2/2/2019 20:45,2.98,12.72,3.12,5.07
2/2/2019 21:00,2.98,12.71,3.1,5.07
2/2/2019 21:15,2.98,12.72,3.11,5.06
2/2/2019 21:30,2.97,12.71,3.11,5.07
2/2/2019 21:45,2.98,12.71,3.11,5.06
2/2/2019 22:00,2.99,12.71,3.11,5.07
2/2/2019 22:15,2.99,12.72,3.11,5.06
2/2/2019 22:30,3.01,12.73,3.11,5.06
2/2/2019 22:45,3.04,12.74,3.12,5.06
2/2/2019 23:00,3.06,12.74,3.12,5.07
2/2/2019 23:15,3.07,12.74,3.12,5.07
2/2/2019 23:30,3.08,12.74,3.12,5.07
2/2/2019 23:45,3.09,12.74,3.12,5.07
2/3/2019 0:00,3.11,12.74,3.13,5.07
2/3/2019 0:15,3.13,12.74,3.13,5.07
2/3/2019 0:30,3.12,12.74,3.13,5.07
2/3/2019 0:45,3.1,12.74,3.13,5.07
2/3/2019 1:00,3.07,12.73,3.12,5.07
2/3/2019 1:15,3.03,12.74,3.14,5.07
2/3/2019 1:30,3.01,12.75,3.13,5.07
2/3/2019 1:45,3,12.75,3.13,5.07
2/3/2019 2:00,2.98,12.75,3.12,5.07
2/3/2019 2:15,2.96,12.74,3.12,5.07
2/3/2019 2:30,2.98,12.74,3.14,5.07
2/3/2019 2:45,2.99,12.74,3.15,5.07
2/3/2019 3:00,2.98,12.74,3.14,5.07
2/3/2019 3:15,2.95,12.73,3.15,5.07
2/3/2019 3:30,2.96,12.74,3.16,5.07
2/3/2019 3:45,2.95,12.74,3.17,5.07
2/3/2019 4:00,2.97,12.75,3.17,5.07
2/3/2019 4:15,2.98,12.74,3.17,5.07
2/3/2019 4:30,2.95,12.75,3.17,5.06
2/3/2019 4:45,2.93,12.73,3.17,5.06
2/3/2019 5:00,2.93,12.73,3.17,5.06
2/3/2019 5:15,2.94,12.72,3.16,5.06
2/3/2019 5:30,2.96,12.71,3.16,5.06
2/3/2019 5:45,2.97,12.72,3.15,5.05
2/3/2019 6:00,2.94,12.72,3.15,5.05
2/3/2019 6:15,2.94,12.73,3.13,5.05
2/3/2019 6:30,2.96,12.73,3.13,5.04
2/3/2019 6:45,2.96,12.73,3.12,5.04
2/3/2019 7:00,2.97,12.72,3.11,5.04
2/3/2019 7:15,2.96,12.74,3.12,5.04
2/3/2019 7:30,2.96,12.73,3.12,5.04
2/3/2019 7:45,2.96,12.73,3.11,5.03
2/3/2019 8:00,2.99,12.73,3.11,5.03
2/3/2019 8:15,3,12.74,3.11,5.03
2/3/2019 8:30,3,12.75,3.1,5.03
2/3/2019 8:45,2.95,12.73,3.08,5.03
2/3/2019 9:00,2.95,12.76,3.1,5.03
2/3/2019 9:15,2.97,12.75,3.1,5.03
2/3/2019 9:30,2.98,12.75,3.08,5.03
2/3/2019 9:45,2.98,12.72,3.1,5.03
2/3/2019 10:00,2.98,12.7,3.11,5.02
2/3/2019 10:15,2.97,12.7,3.1,5.02
2/3/2019 10:30,2.98,12.71,3.09,5.02
2/3/2019 10:45,2.98,12.7,3.09,5.02
2/3/2019 11:00,2.98,12.73,3.1,5.02
2/3/2019 11:15,2.97,12.73,3.1,5.02
2/3/2019 11:30,2.97,12.73,3.11,5.02
2/3/2019 11:45,2.97,12.69,3.09,5.02
2/3/2019 12:00,2.97,12.69,3.1,5.02
2/3/2019 12:15,3,12.7,3.1,5.02
2/3/2019 12:30,3.02,12.71,3.1,5.02
2/3/2019 12:45,3.02,12.72,3.09,5.02
2/3/2019 13:00,3,12.71,3.11,5.02
2/3/2019 13:15,2.99,12.72,3.1,5.01
2/3/2019 13:30,2.99,12.72,3.1,5.01
2/3/2019 13:45,2.99,12.73,3.12,5.01
2/3/2019 14:00,2.99,12.73,3.1,5.02
2/3/2019 14:15,3,12.74,3.1,5.02
2/3/2019 14:30,3,12.72,3.1,5.02
2/3/2019 14:45,2.98,12.72,3.08,5.02
2/3/2019 15:00,2.99,12.71,3.1,5.02
2/3/2019 15:15,2.98,12.71,3.11,5.02
2/3/2019 15:30,2.99,12.71,3.11,5.02
2/3/2019 15:45,3,12.7,3.12,5.02
2/3/2019 16:00,2.99,12.71,3.12,5.03
2/3/2019 16:15,2.99,12.7,3.13,5.03
2/3/2019 16:30,2.98,12.7,3.11,5.03
2/3/2019 16:45,2.98,12.71,3.12,5.03
2/3/2019 17:00,2.98,12.69,3.12,5.04
2/3/2019 17:15,2.99,12.7,3.13,5.03
2/3/2019 17:30,2.96,12.71,3.14,5.03
2/3/2019 17:45,2.97,12.7,3.11,5.03
2/3/2019 18:00,2.98,12.7,3.11,5.03
2/3/2019 18:15,2.98,12.71,3.12,5.03
2/3/2019 18:30,2.99,12.71,3.12,5.03
2/3/2019 18:45,2.96,12.7,3.12,5.03
2/3/2019 19:00,2.98,12.69,3.11,5.03
2/3/2019 19:15,2.99,12.69,3.12,5.02
2/3/2019 19:30,3,12.68,3.13,5.02
2/3/2019 19:45,3,12.68,3.14,5.02
2/3/2019 20:00,2.98,12.69,3.14,5.02
2/3/2019 20:15,2.99,12.7,3.14,5.02
2/3/2019 20:30,2.97,12.7,3.14,5.01
2/3/2019 20:45,2.98,12.71,3.13,5.01
2/3/2019 21:00,2.99,12.7,3.13,5.01
2/3/2019 21:15,2.98,12.7,3.11,5.01
2/3/2019 21:30,2.98,12.69,3.13,5.01
2/3/2019 21:45,2.98,12.7,3.12,5
2/3/2019 22:00,3,12.71,3.12,5
2/3/2019 22:15,3,12.7,3.13,5
2/3/2019 22:30,2.99,12.7,3.12,4.99
2/3/2019 22:45,2.96,12.7,3.13,4.99
2/3/2019 23:00,2.97,12.71,3.12,4.99
2/3/2019 23:15,2.98,12.71,3.14,4.99
2/3/2019 23:30,3,12.71,3.15,4.99
2/3/2019 23:45,3.01,12.72,3.14,4.99
2/4/2019 0:00,3.04,12.73,3.14,4.99
2/4/2019 0:15,3.07,12.73,3.13,4.99
2/4/2019 0:30,3.07,12.74,3.13,4.99
2/4/2019 0:45,3.03,12.75,3.14,4.99
2/4/2019 1:00,3.01,12.74,3.13,4.99
2/4/2019 1:15,3,12.76,3.14,4.99
2/4/2019 1:30,3,12.74,3.14,4.99
2/4/2019 1:45,2.97,12.74,3.14,4.99
2/4/2019 2:00,2.96,12.75,3.14,4.99
2/4/2019 2:15,2.95,12.76,3.14,5
2/4/2019 2:30,2.94,12.76,3.12,4.99
2/4/2019 2:45,2.95,12.77,3.11,4.99
2/4/2019 3:00,2.95,12.78,3.13,4.99
2/4/2019 3:15,2.93,12.78,3.14,4.99
2/4/2019 3:30,2.92,12.79,3.14,4.99
2/4/2019 3:45,2.91,12.79,3.16,4.99
2/4/2019 4:00,2.89,12.79,3.15,4.99
2/4/2019 4:15,2.89,12.79,3.16,5
2/4/2019 4:30,2.89,12.79,3.17,5
2/4/2019 4:45,2.9,12.8,3.15,5
2/4/2019 5:00,2.91,12.79,3.15,4.99
2/4/2019 5:15,2.89,12.8,3.15,4.99
2/4/2019 5:30,2.87,12.79,3.15,4.99
2/4/2019 5:45,2.88,12.82,3.15,5
2/4/2019 6:00,2.88,12.81,3.14,5
2/4/2019 6:15,2.88,12.81,3.14,5
2/4/2019 6:30,2.88,12.82,3.12,5
2/4/2019 6:45,2.89,12.82,3.12,5
2/4/2019 7:00,2.91,12.83,3.11,5
2/4/2019 7:15,2.89,12.82,3.11,5
2/4/2019 7:30,2.89,12.82,3.11,5
2/4/2019 7:45,2.89,12.82,3.1,5.01
2/4/2019 8:00,2.91,12.83,3.11,5.01
2/4/2019 8:15,2.9,12.81,3.1,5.01
2/4/2019 8:30,2.91,12.82,3.09,5.01
2/4/2019 8:45,2.91,12.81,3.1,5.01
2/4/2019 9:00,2.91,12.86,3.09,5.01
2/4/2019 9:15,2.91,12.85,3.08,5.02
2/4/2019 9:30,2.91,12.87,3.08,5.02
2/4/2019 9:45,2.92,12.87,3.07,5.02
2/4/2019 10:00,2.92,12.85,3.08,5.02
2/4/2019 10:15,2.91,12.86,3.06,5.02
2/4/2019 10:30,2.91,12.86,3.07,5.02
2/4/2019 10:45,2.93,12.88,3.08,5.02
2/4/2019 11:00,2.92,12.85,3.07,5.02
2/4/2019 11:15,2.91,12.88,3.09,5.02
2/4/2019 11:30,2.93,12.84,3.08,5.02
2/4/2019 11:45,2.93,12.82,3.08,5.02
2/4/2019 12:00,2.92,12.81,3.09,5.02
2/4/2019 12:15,2.92,12.81,3.08,5.02
2/4/2019 12:30,2.92,12.8,3.07,5.03
2/4/2019 12:45,2.91,12.81,3.08,5.03
2/4/2019 13:00,2.92,12.8,3.07,5.03
2/4/2019 13:15,2.91,12.8,3.08,5.03
2/4/2019 13:30,2.93,12.8,3.07,5.03
2/4/2019 13:45,2.93,12.8,3.07,5.03
2/4/2019 14:00,2.91,12.8,3.08,5.03
2/4/2019 14:15,2.92,12.8,3.07,5.03
2/4/2019 14:30,2.91,12.8,3.06,5.03
2/4/2019 14:45,2.91,12.81,3.09,5.03
2/4/2019 15:00,2.91,12.8,3.08,5.04
2/4/2019 15:15,2.92,12.8,3.09,5.04
2/4/2019 15:30,2.92,12.8,3.09,5.04
2/4/2019 15:45,2.9,12.79,3.09,5.04
2/4/2019 16:00,2.91,12.81,3.09,5.04
2/4/2019 16:15,2.92,12.8,3.06,5.04
2/4/2019 16:30,2.92,12.8,3.06,5.04
2/4/2019 16:45,2.92,12.8,3.07,5.04
2/4/2019 17:00,2.93,12.8,3.08,5.04
2/4/2019 17:15,2.93,12.8,3.07,5.04
2/4/2019 17:30,2.93,12.79,3.08,5.04
2/4/2019 17:45,2.93,12.8,3.08,5.04
2/4/2019 18:00,2.93,12.8,3.08,5.04
2/4/2019 18:15,2.93,12.8,3.08,5.03
2/4/2019 18:30,2.93,12.8,3.06,5.03
2/4/2019 18:45,2.93,12.8,3.07,5.03
2/4/2019 19:00,2.92,12.8,3.08,5.02
2/4/2019 19:15,2.92,12.8,3.07,5.02
2/4/2019 19:30,2.92,12.79,3.08,5.02
2/4/2019 19:45,2.91,12.79,3.07,5.01
2/4/2019 20:00,2.91,12.8,3.08,5.01
2/4/2019 20:15,2.92,12.79,3.08,5
2/4/2019 20:30,2.92,12.79,3.07,5
2/4/2019 20:45,2.92,12.8,3.07,4.99
2/4/2019 21:00,2.92,12.81,3.06,4.99
2/4/2019 21:15,2.92,12.8,3.08,4.98
2/4/2019 21:30,2.91,12.8,3.08,4.98
2/4/2019 21:45,2.92,12.8,3.09,4.98
2/4/2019 22:00,2.92,12.81,3.08,4.98
2/4/2019 22:15,2.93,12.81,3.07,4.97
2/4/2019 22:30,2.93,12.8,3.09,4.97
2/4/2019 22:45,2.93,12.81,3.08,4.97
2/4/2019 23:00,2.93,12.81,3.08,4.96
2/4/2019 23:15,2.93,12.82,3.08,4.96
2/4/2019 23:30,2.93,12.82,3.08,4.96
2/4/2019 23:45,2.93,12.81,3.08,4.96
2/5/2019 0:00,2.94,12.81,3.09,4.96
2/5/2019 0:15,2.97,12.81,3.09,4.96
2/5/2019 0:30,2.99,12.82,3.08,4.97
2/5/2019 0:45,2.98,12.81,3.08,4.97
2/5/2019 1:00,2.95,12.82,3.08,4.96
2/5/2019 1:15,2.93,12.81,3.08,4.95
2/5/2019 1:30,2.92,12.81,3.08,4.96
2/5/2019 1:45,2.91,12.81,3.09,4.96
2/5/2019 2:00,2.91,12.81,3.09,4.96
2/5/2019 2:15,2.9,12.81,3.07,4.96
2/5/2019 2:30,2.89,12.82,3.08,4.96
2/5/2019 2:45,2.89,12.82,3.1,4.96
2/5/2019 3:00,2.89,12.82,3.08,4.96
2/5/2019 3:15,2.89,12.82,3.09,4.97
2/5/2019 3:30,2.89,12.81,3.09,4.97
2/5/2019 3:45,2.89,12.81,3.09,4.97
2/5/2019 4:00,2.88,12.8,3.1,4.97
2/5/2019 4:15,2.88,12.81,3.1,4.98
2/5/2019 4:30,2.89,12.81,3.09,4.98
2/5/2019 4:45,2.89,12.81,3.08,4.97
2/5/2019 5:00,2.89,12.81,3.09,4.98
2/5/2019 5:15,2.88,12.81,3.09,4.98
2/5/2019 5:30,2.89,12.83,3.1,4.98
2/5/2019 5:45,2.89,12.83,3.09,4.99
2/5/2019 6:00,2.89,12.85,3.08,4.98
2/5/2019 6:15,2.9,12.82,3.08,4.98
2/5/2019 6:30,2.9,12.83,3.09,4.99
2/5/2019 6:45,2.9,12.82,3.08,4.99
2/5/2019 7:00,2.91,12.84,3.07,4.99
2/5/2019 7:15,2.92,12.84,3.05,4.99
2/5/2019 7:30,2.92,12.84,3.06,4.99
2/5/2019 7:45,2.92,12.83,3.07,4.99
2/5/2019 8:00,2.92,12.84,3.06,4.99
2/5/2019 8:15,2.93,12.83,3.06,5
2/5/2019 8:30,2.93,12.83,3.06,5
2/5/2019 8:45,2.94,12.84,3.05,5.01
2/5/2019 9:00,2.94,12.83,3.06,5.01
2/5/2019 9:15,2.95,12.83,3.05,5.02
2/5/2019 9:30,2.95,12.82,3.06,5.02
2/5/2019 9:45,2.95,12.82,3.05,5.03
2/5/2019 10:00,2.95,12.82,3.05,5.04
2/5/2019 10:15,2.95,12.83,3.05,5.05
2/5/2019 10:30,2.96,12.83,3.05,5.05
2/5/2019 10:45,2.95,12.83,3.07,5.06
2/5/2019 11:00,2.95,12.82,3.07,5.06
2/5/2019 11:15,2.96,12.82,3.05,5.07
2/5/2019 11:30,2.97,12.81,3.06,5.07
2/5/2019 11:45,2.98,12.81,3.07,5.08
2/5/2019 12:00,2.98,12.8,3.07,5.08
2/5/2019 12:15,2.98,12.81,3.07,5.09
2/5/2019 12:30,2.99,12.8,3.07,5.09
2/5/2019 12:45,2.99,12.81,3.08,5.09
2/5/2019 13:00,3,12.81,3.07,5.09
2/5/2019 13:15,2.99,12.8,3.08,5.09
2/5/2019 13:30,2.99,12.8,3.08,5.1
2/5/2019 13:45,2.99,12.79,3.07,5.09
2/5/2019 14:00,2.98,12.79,3.08,5.1
2/5/2019 14:15,2.98,12.79,3.09,5.1
2/5/2019 14:30,2.99,12.8,3.07,5.1
2/5/2019 14:45,2.98,12.79,3.09,5.1
2/5/2019 15:00,2.99,12.79,3.1,5.09
2/5/2019 15:15,3,12.8,3.1,5.09
2/5/2019 15:30,3,12.8,3.1,5.09
2/5/2019 15:45,3,12.79,3.1,5.09
2/5/2019 16:00,3,12.79,3.11,5.09
2/5/2019 16:15,2.99,12.79,3.08,5.08
2/5/2019 16:30,3,12.8,3.11,5.08
2/5/2019 16:45,3,12.8,3.11,5.08
2/5/2019 17:00,3,12.79,3.11,5.07
2/5/2019 17:15,3,12.8,3.1,5.06
2/5/2019 17:30,3,12.8,3.11,5.06
2/5/2019 17:45,2.99,12.8,3.1,5.05
2/5/2019 18:00,2.98,12.8,3.11,5.05
2/5/2019 18:15,2.98,12.8,3.1,5.04
2/5/2019 18:30,2.97,12.8,3.1,5.03
2/5/2019 18:45,2.96,12.8,3.11,5.02
2/5/2019 19:00,2.95,12.8,3.12,5.02
2/5/2019 19:15,2.93,12.8,3.12,5.01
2/5/2019 19:30,2.92,12.8,3.12,5
2/5/2019 19:45,2.92,12.8,3.12,5
2/5/2019 20:00,2.91,12.8,3.12,4.99
2/5/2019 20:15,2.91,12.8,3.13,4.99
2/5/2019 20:30,2.91,12.81,3.13,4.99
2/5/2019 20:45,2.9,12.8,3.12,4.98
2/5/2019 21:00,2.9,12.81,3.12,4.98
2/5/2019 21:15,2.9,12.77,3.11,4.97
2/5/2019 21:30,2.91,12.8,3.12,4.97
2/5/2019 21:45,2.91,12.8,3.13,4.97
2/5/2019 22:00,2.91,12.79,3.13,4.97
2/5/2019 22:15,2.91,12.81,3.11,4.97
2/5/2019 22:30,2.92,12.8,3.09,4.97
2/5/2019 22:45,2.92,12.8,3.09,4.96
2/5/2019 23:00,2.91,12.81,3.08,4.96
2/5/2019 23:15,2.92,12.81,3.07,4.96
2/5/2019 23:30,2.92,12.81,3.06,4.96
2/5/2019 23:45,2.92,12.8,3.07,4.96
2/6/2019 0:00,2.92,12.8,3.06,4.96
2/6/2019 0:15,2.92,12.81,3.07,4.96
2/6/2019 0:30,2.92,12.81,3.07,4.96
2/6/2019 0:45,2.93,12.81,3.07,4.96
2/6/2019 1:00,2.94,12.81,3.05,4.96
2/6/2019 1:15,2.95,12.81,3.05,4.96
2/6/2019 1:30,2.95,12.81,3.04,4.96
2/6/2019 1:45,2.95,12.82,3.03,4.97
2/6/2019 2:00,2.94,12.82,3.04,4.97
2/6/2019 2:15,2.94,12.81,3.03,4.97
2/6/2019 2:30,2.93,12.8,3.04,4.97
2/6/2019 2:45,2.92,12.81,3.03,4.97
2/6/2019 3:00,2.92,12.81,3.03,4.98
2/6/2019 3:15,2.93,12.81,3.05,4.98
2/6/2019 3:30,2.94,12.81,3.06,4.98
2/6/2019 3:45,2.94,12.81,3.05,4.98
2/6/2019 4:00,2.93,12.81,3.04,4.98
2/6/2019 4:15,2.93,12.82,3.04,4.99
2/6/2019 4:30,2.93,12.82,3.04,4.99
2/6/2019 4:45,2.94,12.82,3.05,4.99
2/6/2019 5:00,2.93,12.82,3.05,5
2/6/2019 5:15,2.93,12.83,3.04,5
2/6/2019 5:30,2.93,12.83,3.03,5
2/6/2019 5:45,2.92,12.83,3.01,5
2/6/2019 6:00,2.93,12.83,3.02,5.01
2/6/2019 6:15,2.93,12.83,3.04,5.01
2/6/2019 6:30,2.93,12.83,3.03,5.01
2/6/2019 6:45,2.93,12.83,3.05,5.01
2/6/2019 7:00,2.93,12.83,3.05,5.02
2/6/2019 7:15,2.95,12.83,3.05,5.01
2/6/2019 7:30,2.95,12.82,3.04,5.02
2/6/2019 7:45,2.96,12.83,3.04,5.01
2/6/2019 8:00,2.95,12.82,3.05,5.01
2/6/2019 8:15,2.95,12.83,3.04,5.02
2/6/2019 8:30,2.96,12.82,3.04,5.02
2/6/2019 8:45,3.03,12.82,3.04,5.02
2/6/2019 9:00,3.08,12.82,3.05,5.02
2/6/2019 9:15,3.11,12.82,3.04,5.02
2/6/2019 9:30,3.11,12.81,3.04,5.02
2/6/2019 9:45,3.11,12.82,3.05,5.02
2/6/2019 10:00,3.11,12.82,3.04,5.01
2/6/2019 10:15,3.11,12.82,3.04,5.02
2/6/2019 10:30,3.11,12.82,3.05,5.01
2/6/2019 10:45,3.1,12.83,3.05,5.01
2/6/2019 11:00,3.09,12.81,3.05,5.01
2/6/2019 11:15,3.09,12.82,3.02,5.01
2/6/2019 11:30,3.09,12.81,3.04,5.01
2/6/2019 11:45,3.09,12.81,3.05,5.01
2/6/2019 12:00,3.09,12.81,3.05,5.01
2/6/2019 12:15,3.08,12.82,3.06,5.01
2/6/2019 12:30,3.08,12.81,3.08,5.01
2/6/2019 12:45,3.09,12.8,3.08,5.01
2/6/2019 13:00,3.09,12.81,3.08,5.01
2/6/2019 13:15,3.08,12.81,3.07,5.01
2/6/2019 13:30,3.07,12.81,3.11,5.01
2/6/2019 13:45,3.08,12.8,3.11,5.01
2/6/2019 14:00,3.08,12.8,3.12,5.01
2/6/2019 14:15,3.08,12.8,3.15,5.01
2/6/2019 14:30,3.09,12.81,3.17,5.01
2/6/2019 14:45,3.09,12.81,3.17,5.01
2/6/2019 15:00,3.09,12.8,3.17,5.01
2/6/2019 15:15,3.08,12.8,3.19,5.01
2/6/2019 15:30,2.97,12.81,3.2,5.01
2/6/2019 15:45,2.91,12.8,3.19,5.01
2/6/2019 16:00,2.95,12.81,3.18,5.01
2/6/2019 16:15,3,12.81,3.18,5.01
2/6/2019 16:30,3.02,12.8,3.19,5
2/6/2019 16:45,3.01,12.8,3.17,5
2/6/2019 17:00,2.99,12.8,3.15,5
2/6/2019 17:15,2.98,12.79,3.17,5
2/6/2019 17:30,2.97,12.79,3.16,5.01
2/6/2019 17:45,2.96,12.8,3.16,5.01
2/6/2019 18:00,2.96,12.8,3.16,5.01
2/6/2019 18:15,2.96,12.81,3.15,5.01
2/6/2019 18:30,2.96,12.81,3.17,5.01
2/6/2019 18:45,2.95,12.81,3.17,5.01
2/6/2019 19:00,2.94,12.81,3.17,5.01
2/6/2019 19:15,2.94,12.8,3.15,5.01
2/6/2019 19:30,2.95,12.8,3.16,5
2/6/2019 19:45,2.95,12.8,3.15,5
2/6/2019 20:00,2.94,12.79,3.14,5.01
2/6/2019 20:15,2.94,12.78,3.13,5.01
2/6/2019 20:30,2.93,12.81,3.14,5.01
2/6/2019 20:45,2.95,12.81,3.14,5
2/6/2019 21:00,2.95,12.8,3.14,5.01
2/6/2019 21:15,2.95,12.8,3.11,5.01
2/6/2019 21:30,2.95,12.8,3.11,5.01
2/6/2019 21:45,2.95,12.81,3.11,5.01
2/6/2019 22:00,2.95,12.81,3.1,5.01
2/6/2019 22:15,2.94,12.81,3.08,5.01
2/6/2019 22:30,2.94,12.8,3.08,5.01
2/6/2019 22:45,2.95,12.81,3.08,5.02
2/6/2019 23:00,2.95,12.8,3.08,5.02
2/6/2019 23:15,2.95,12.8,3.08,5.02
2/6/2019 23:30,2.95,12.8,3.06,5.02
2/6/2019 23:45,2.94,12.81,3.06,5.03
2/7/2019 0:00,2.94,12.8,3.02,5.03
2/7/2019 0:15,2.94,12.81,3.04,5.03
2/7/2019 0:30,2.95,12.81,3.04,5.03
2/7/2019 0:45,2.95,12.81,3.04,5.03
2/7/2019 1:00,2.96,12.81,3.05,5.04
2/7/2019 1:15,2.95,12.82,3.05,5.04
2/7/2019 1:30,2.95,12.82,3.05,5.04
2/7/2019 1:45,2.95,12.83,3.06,5.04
2/7/2019 2:00,2.95,12.83,3.06,5.04
2/7/2019 2:15,2.95,12.83,3.05,5.04
2/7/2019 2:30,2.95,12.84,3.06,5.04
2/7/2019 2:45,2.95,12.84,3.05,5.04
2/7/2019 3:00,2.95,12.84,3.04,5.04
2/7/2019 3:15,2.95,12.84,3.05,5.04
2/7/2019 3:30,2.95,12.83,3.05,5.05
2/7/2019 3:45,2.95,12.83,3.06,5.04
2/7/2019 4:00,2.95,12.83,3.06,5.05
2/7/2019 4:15,2.95,12.83,3.05,5.05
2/7/2019 4:30,2.94,12.83,3.04,5.05
2/7/2019 4:45,2.95,12.83,3.04,5.05
2/7/2019 5:00,2.95,12.84,3.05,5.06
2/7/2019 5:15,2.94,12.83,3.05,5.06
2/7/2019 5:30,2.93,12.83,3.05,5.06
2/7/2019 5:45,2.94,12.83,3.06,5.07
2/7/2019 6:00,2.94,12.82,3.06,5.07
2/7/2019 6:15,2.97,12.83,3.05,5.07
2/7/2019 6:30,3.02,12.83,3.05,5.08
2/7/2019 6:45,3,12.83,3.05,5.08
2/7/2019 7:00,2.98,12.82,3.05,5.08
2/7/2019 7:15,2.96,12.83,3.05,5.09
2/7/2019 7:30,2.96,12.83,3.05,5.09
2/7/2019 7:45,2.97,12.82,3.05,5.09
2/7/2019 8:00,2.97,12.83,3.05,5.09
2/7/2019 8:15,2.97,12.83,3.04,5.1
2/7/2019 8:30,2.97,12.82,3.05,5.09
2/7/2019 8:45,2.97,12.82,3.03,5.1
2/7/2019 9:00,2.97,12.81,3.05,5.1
2/7/2019 9:15,2.97,12.82,3.06,5.1
2/7/2019 9:30,2.97,12.81,3.06,5.1
2/7/2019 9:45,2.96,12.82,3.06,5.11
2/7/2019 10:00,2.97,12.82,3.06,5.11
2/7/2019 10:15,2.96,12.82,3.06,5.1
2/7/2019 10:30,2.97,12.81,3.07,5.1
2/7/2019 10:45,2.98,12.83,3.08,5.1
2/7/2019 11:00,2.98,12.82,3.08,5.11
2/7/2019 11:15,2.98,12.81,3.08,5.1
2/7/2019 11:30,2.98,12.82,3.08,5.1
2/7/2019 11:45,2.97,12.82,3.08,5.1
2/7/2019 12:00,2.97,12.82,3.08,5.1
2/7/2019 12:15,2.98,12.82,3.08,5.1
2/7/2019 12:30,2.98,12.79,3.08,5.1
2/7/2019 12:45,2.98,12.81,3.08,5.1
2/7/2019 13:00,2.97,12.81,3.07,5.09
2/7/2019 13:15,2.98,12.8,3.07,5.09
2/7/2019 13:30,2.97,12.81,3.07,5.09
2/7/2019 13:45,2.96,12.81,3.06,5.09
2/7/2019 14:00,2.95,12.81,3.07,5.09
2/7/2019 14:15,2.94,12.8,3.07,5.09
2/7/2019 14:30,2.95,12.8,3.08,5.08
2/7/2019 14:45,2.96,12.79,3.08,5.09
2/7/2019 15:00,2.97,12.8,3.1,5.08
2/7/2019 15:15,2.97,12.81,3.09,5.08
2/7/2019 15:30,2.97,12.79,3.08,5.08
2/7/2019 15:45,2.96,12.8,3.07,5.08
2/7/2019 16:00,2.97,12.78,3.08,5.08
2/7/2019 16:15,2.98,12.78,3.07,5.09
2/7/2019 16:30,2.97,12.78,3.08,5.09
2/7/2019 16:45,2.97,12.78,3.08,5.08
2/7/2019 17:00,2.97,12.78,3.08,5.08
2/7/2019 17:15,2.97,12.78,3.08,5.08
2/7/2019 17:30,2.97,12.79,3.08,5.08
2/7/2019 17:45,2.98,12.79,3.08,5.08
2/7/2019 18:00,2.98,12.79,3.08,5.08
2/7/2019 18:15,2.98,12.79,3.06,5.09
2/7/2019 18:30,2.98,12.79,3.07,5.09
2/7/2019 18:45,2.98,12.8,3.06,5.09
2/7/2019 19:00,2.98,12.79,3.06,5.09
2/7/2019 19:15,2.97,12.8,3.07,5.1
2/7/2019 19:30,2.98,12.8,3.07,5.1
2/7/2019 19:45,2.98,12.81,3.07,5.1
2/7/2019 20:00,2.99,12.82,3.07,5.11
2/7/2019 20:15,2.98,12.81,3.08,5.11
2/7/2019 20:30,2.98,12.82,3.07,5.11
2/7/2019 20:45,2.97,12.82,3.06,5.11
2/7/2019 21:00,2.97,12.81,3.06,5.11
2/7/2019 21:15,2.99,12.81,3.07,5.11
2/7/2019 21:30,2.99,12.81,3.07,5.12
2/7/2019 21:45,3,12.81,3.06,5.12
2/7/2019 22:00,3,12.81,3.06,5.12
2/7/2019 22:15,3,12.81,3.05,5.12
2/7/2019 22:30,3,12.81,3.05,5.12
2/7/2019 22:45,3.01,12.81,3.05,5.12
2/7/2019 23:00,3.01,12.81,3.05,5.12
2/7/2019 23:15,3.01,12.81,3.06,5.12
2/7/2019 23:30,3.02,12.82,3.07,5.12
2/7/2019 23:45,3.04,12.82,3.08,5.12
2/8/2019 0:00,3.07,12.82,3.08,5.12
2/8/2019 0:15,3.09,12.82,3.08,5.12
2/8/2019 0:30,3.09,12.81,3.07,5.11
2/8/2019 0:45,3.09,12.81,3.09,5.11
2/8/2019 1:00,3.08,12.82,3.09,5.11
2/8/2019 1:15,3.08,12.82,3.09,5.1
2/8/2019 1:30,3.07,12.81,3.09,5.1
2/8/2019 1:45,3.05,12.81,3.1,5.1
2/8/2019 2:00,3.03,12.82,3.1,5.1
2/8/2019 2:15,3.02,12.82,3.1,5.09
2/8/2019 2:30,3.01,12.82,3.11,5.09
2/8/2019 2:45,3,12.83,3.1,5.09
2/8/2019 3:00,3,12.83,3.11,5.09
2/8/2019 3:15,3,12.83,3.12,5.09
2/8/2019 3:30,3,12.83,3.12,5.08
2/8/2019 3:45,3,12.83,3.11,5.08
2/8/2019 4:00,3,12.82,3.13,5.08
2/8/2019 4:15,3,12.82,3.14,5.09
2/8/2019 4:30,3,12.81,3.13,5.09
2/8/2019 4:45,3.01,12.82,3.15,5.09
2/8/2019 5:00,3.01,12.82,3.16,5.09
2/8/2019 5:15,3.02,12.82,3.16,5.09
2/8/2019 5:30,3.01,12.82,3.15,5.1
2/8/2019 5:45,3.01,12.82,3.15,5.1
2/8/2019 6:00,3.02,12.84,3.15,5.1
2/8/2019 6:15,3.03,12.84,3.15,5.11
2/8/2019 6:30,3.03,12.83,3.15,5.11
2/8/2019 6:45,3.03,12.84,3.14,5.11
2/8/2019 7:00,3.03,12.82,3.13,5.11
2/8/2019 7:15,3.03,12.82,3.1,5.12
2/8/2019 7:30,3.05,12.82,3.1,5.12
2/8/2019 7:45,3.05,12.82,3.11,5.12
2/8/2019 8:00,3.06,12.81,3.1,5.12
2/8/2019 8:15,3.07,12.83,3.1,5.12
2/8/2019 8:30,3.07,12.83,3.09,5.12
2/8/2019 8:45,3.07,12.82,3.1,5.12
2/8/2019 9:00,3.07,12.81,3.1,5.13
2/8/2019 9:15,3.07,12.83,3.11,5.13
2/8/2019 9:30,3.07,12.85,3.13,5.13
2/8/2019 9:45,3.06,12.88,3.13,5.14
2/8/2019 10:00,3.06,12.83,3.13,5.13
2/8/2019 10:15,3.05,12.88,3.13,5.13
2/8/2019 10:30,3.04,12.86,3.13,5.13
2/8/2019 10:45,3.04,12.87,3.15,5.14
2/8/2019 11:00,3.04,12.83,3.16,5.13
2/8/2019 11:15,3.03,12.85,3.17,5.13
2/8/2019 11:30,3.04,12.87,3.18,5.13
2/8/2019 11:45,3.05,12.85,3.18,5.13
2/8/2019 12:00,3.04,12.82,3.18,5.13
2/8/2019 12:15,3.04,12.81,3.18,5.13
2/8/2019 12:30,3.04,12.8,3.18,5.13
2/8/2019 12:45,3.04,12.81,3.17,5.13
2/8/2019 13:00,3.05,12.81,3.18,5.13
2/8/2019 13:15,3.05,12.81,3.17,5.13
2/8/2019 13:30,3.04,12.81,3.18,5.13
2/8/2019 13:45,3.04,12.81,3.17,5.13
2/8/2019 14:00,3.05,12.81,3.17,5.12
2/8/2019 14:15,3.04,12.81,3.17,5.12
2/8/2019 14:30,3.04,12.82,3.17,5.12
2/8/2019 14:45,3.04,12.81,3.18,5.12
2/8/2019 15:00,3.04,12.81,3.17,5.12
2/8/2019 15:15,3.05,12.81,3.17,5.12
2/8/2019 15:30,3.05,12.82,3.17,5.12
2/8/2019 15:45,3.05,12.82,3.17,5.12
2/8/2019 16:00,3.05,12.82,3.17,5.12
2/8/2019 16:15,3.05,12.81,3.16,5.12
2/8/2019 16:30,3.05,12.81,3.16,5.12
2/8/2019 16:45,3.05,12.82,3.16,5.12
2/8/2019 17:00,3.05,12.82,3.16,5.12
2/8/2019 17:15,3.04,12.82,3.17,5.12
2/8/2019 17:30,3.04,12.82,3.16,5.12
2/8/2019 17:45,3.05,12.82,3.16,5.11
2/8/2019 18:00,3.06,12.82,3.15,5.11
2/8/2019 18:15,3.07,12.81,3.15,5.11
2/8/2019 18:30,3.08,12.82,3.15,5.11
2/8/2019 18:45,3.07,12.82,3.15,5.11
2/8/2019 19:00,3.09,12.81,3.16,5.11
2/8/2019 19:15,3.1,12.82,3.15,5.11
2/8/2019 19:30,3.12,12.81,3.15,5.11
2/8/2019 19:45,3.13,12.81,3.15,5.1
2/8/2019 20:00,3.15,12.81,3.15,5.1
2/8/2019 20:15,3.15,12.82,3.13,5.1
2/8/2019 20:30,3.15,12.81,3.14,5.1
2/8/2019 20:45,3.15,12.81,3.14,5.1
2/8/2019 21:00,3.15,12.81,3.14,5.1
2/8/2019 21:15,3.14,12.81,3.14,5.1
2/8/2019 21:30,3.14,12.81,3.14,5.1
2/8/2019 21:45,3.13,12.81,3.15,5.1
2/8/2019 22:00,3.13,12.82,3.16,5.1
2/8/2019 22:15,3.11,12.82,3.16,5.1
2/8/2019 22:30,3.11,12.82,3.16,5.1
2/8/2019 22:45,3.12,12.82,3.17,5.1
2/8/2019 23:00,3.13,12.81,3.17,5.1
2/8/2019 23:15,3.14,12.81,3.18,5.1
2/8/2019 23:30,3.16,12.81,3.18,5.1
2/8/2019 23:45,3.16,12.82,3.19,5.1
2/9/2019 0:00,3.16,12.82,3.2,5.1
2/9/2019 0:15,3.17,12.81,3.2,5.1
2/9/2019 0:30,3.15,12.81,3.2,5.1
2/9/2019 0:45,3.11,12.81,3.21,5.1
2/9/2019 1:00,3.08,12.81,3.22,5.1
2/9/2019 1:15,3.07,12.8,3.22,5.1
2/9/2019 1:30,3.05,12.8,3.22,5.1
2/9/2019 1:45,3.05,12.8,3.22,5.09
2/9/2019 2:00,3.05,12.78,3.23,5.09
2/9/2019 2:15,3.04,12.79,3.22,5.09
2/9/2019 2:30,3.04,12.78,3.22,5.09
2/9/2019 2:45,3.04,12.79,3.21,5.1
2/9/2019 3:00,3.04,12.79,3.21,5.09
2/9/2019 3:15,3.04,12.79,3.22,5.09
2/9/2019 3:30,3.04,12.78,3.23,5.1
2/9/2019 3:45,3.05,12.76,3.23,5.1
2/9/2019 4:00,3.05,12.77,3.23,5.1
2/9/2019 4:15,3.05,12.77,3.24,5.1
2/9/2019 4:30,3.05,12.76,3.22,5.1
2/9/2019 4:45,3.05,12.75,3.2,5.11
2/9/2019 5:00,3.05,12.75,3.2,5.11
2/9/2019 5:15,3.05,12.75,3.19,5.11
2/9/2019 5:30,3.06,12.75,3.19,5.11
2/9/2019 5:45,3.06,12.74,3.19,5.12
2/9/2019 6:00,3.06,12.74,3.19,5.13
2/9/2019 6:15,3.06,12.74,3.17,5.13
2/9/2019 6:30,3.06,12.74,3.16,5.13
2/9/2019 6:45,3.05,12.74,3.16,5.13
2/9/2019 7:00,3.06,12.74,3.16,5.13
2/9/2019 7:15,3.06,12.73,3.16,5.13
2/9/2019 7:30,3.06,12.73,3.17,5.13
2/9/2019 7:45,3.07,12.73,3.16,5.13
2/9/2019 8:00,3.07,12.73,3.14,5.13
2/9/2019 8:15,3.08,12.73,3.14,5.13
2/9/2019 8:30,3.09,12.73,3.13,5.13
2/9/2019 8:45,3.08,12.74,3.14,5.13
2/9/2019 9:00,3.09,12.73,3.14,5.13
2/9/2019 9:15,3.09,12.72,3.16,5.13
2/9/2019 9:30,3.09,12.74,3.16,5.13
2/9/2019 9:45,3.08,12.73,3.16,5.13
2/9/2019 10:00,3.08,12.72,3.16,5.13
2/9/2019 10:15,3.08,12.71,3.17,5.13
2/9/2019 10:30,3.08,12.73,3.15,5.13
2/9/2019 10:45,3.09,12.71,3.15,5.13
2/9/2019 11:00,3.09,12.72,3.15,5.13
2/9/2019 11:15,3.08,12.72,3.17,5.13
2/9/2019 11:30,3.08,12.72,3.16,5.13
2/9/2019 11:45,3.09,12.72,3.15,5.14
2/9/2019 12:00,3.09,12.71,3.15,5.13
2/9/2019 12:15,3.08,12.72,3.16,5.14
2/9/2019 12:30,3.08,12.72,3.16,5.14
2/9/2019 12:45,3.08,12.7,3.17,5.14
2/9/2019 13:00,3.08,12.73,3.16,5.14
2/9/2019 13:15,3.09,12.71,3.16,5.14
2/9/2019 13:30,3.1,12.72,3.16,5.14
2/9/2019 13:45,3.09,12.72,3.17,5.14
2/9/2019 14:00,3.09,12.72,3.17,5.14
2/9/2019 14:15,3.08,12.72,3.18,5.14
2/9/2019 14:30,3.09,12.71,3.18,5.14
2/9/2019 14:45,3.1,12.71,3.18,5.14
2/9/2019 15:00,3.09,12.72,3.17,5.14
2/9/2019 15:15,3.09,12.72,3.15,5.14
2/9/2019 15:30,3.1,12.73,3.17,5.14
2/9/2019 15:45,3.09,12.72,3.17,5.14
2/9/2019 16:00,3.09,12.72,3.18,5.14
2/9/2019 16:15,3.09,12.72,3.17,5.14
2/9/2019 16:30,3.09,12.71,3.16,5.13
2/9/2019 16:45,3.09,12.72,3.15,5.14
2/9/2019 17:00,3.09,12.72,3.16,5.13
2/9/2019 17:15,3.09,12.71,3.18,5.13
2/9/2019 17:30,3.1,12.72,3.17,5.13
2/9/2019 17:45,3.1,12.73,3.17,5.13
2/9/2019 18:00,3.1,12.72,3.16,5.13
2/9/2019 18:15,3.11,12.72,3.16,5.13
2/9/2019 18:30,3.11,12.72,3.15,5.12
2/9/2019 18:45,3.1,12.73,3.16,5.12
2/9/2019 19:00,3.1,12.72,3.16,5.12
2/9/2019 19:15,3.1,12.73,3.15,5.12
2/9/2019 19:30,3.1,12.72,3.16,5.12
2/9/2019 19:45,3.1,12.72,3.15,5.12
2/9/2019 20:00,3.1,12.72,3.16,5.12
2/9/2019 20:15,3.1,12.73,3.16,5.11
2/9/2019 20:30,3.1,12.72,3.15,5.12
2/9/2019 20:45,3.1,12.73,3.15,5.11
2/9/2019 21:00,3.1,12.72,3.14,5.11
2/9/2019 21:15,3.1,12.73,3.14,5.11
2/9/2019 21:30,3.1,12.73,3.15,5.11
2/9/2019 21:45,3.11,12.72,3.16,5.11
2/9/2019 22:00,3.11,12.72,3.16,5.11
2/9/2019 22:15,3.11,12.72,3.15,5.12
2/9/2019 22:30,3.12,12.72,3.15,5.11
2/9/2019 22:45,3.12,12.72,3.15,5.11
2/9/2019 23:00,3.13,12.72,3.16,5.11
2/9/2019 23:15,3.12,12.73,3.17,5.11
2/9/2019 23:30,3.12,12.72,3.17,5.11
2/9/2019 23:45,3.13,12.73,3.16,5.11
2/10/2019 0:00,3.15,12.72,3.16,5.11
2/10/2019 0:15,3.17,12.72,3.15,5.11
2/10/2019 0:30,3.16,12.73,3.16,5.11
2/10/2019 0:45,3.16,12.73,3.16,5.11
2/10/2019 1:00,3.13,12.73,3.17,5.1
2/10/2019 1:15,3.11,12.73,3.16,5.11
2/10/2019 1:30,3.09,12.73,3.18,5.11
2/10/2019 1:45,3.07,12.74,3.17,5.11
2/10/2019 2:00,3.08,12.73,3.18,5.11
2/10/2019 2:15,3.08,12.74,3.18,5.11
2/10/2019 2:30,3.07,12.75,3.17,5.11
2/10/2019 2:45,3.07,12.75,3.18,5.12
2/10/2019 3:00,3.07,12.75,3.17,5.11
2/10/2019 3:15,3.07,12.74,3.19,5.11
2/10/2019 3:30,3.06,12.73,3.2,5.12
2/10/2019 3:45,3.05,12.74,3.2,5.12
2/10/2019 4:00,3.07,12.73,3.2,5.12
2/10/2019 4:15,3.08,12.74,3.2,5.12
2/10/2019 4:30,3.07,12.74,3.18,5.12
2/10/2019 4:45,3.07,12.74,3.21,5.12
2/10/2019 5:00,3.07,12.73,3.18,5.12
2/10/2019 5:15,3.06,12.73,3.2,5.12
2/10/2019 5:30,3.05,12.73,3.19,5.12
2/10/2019 5:45,3.05,12.72,3.19,5.12
2/10/2019 6:00,3.06,12.72,3.17,5.13
2/10/2019 6:15,3.07,12.72,3.17,5.13
2/10/2019 6:30,3.06,12.71,3.16,5.14
2/10/2019 6:45,3.06,12.7,3.18,5.14
2/10/2019 7:00,3.06,12.7,3.17,5.14
2/10/2019 7:15,3.07,12.7,3.16,5.14
2/10/2019 7:30,3.06,12.7,3.16,5.14
2/10/2019 7:45,3.07,12.7,3.16,5.14
2/10/2019 8:00,3.08,12.7,3.16,5.14
2/10/2019 8:15,3.08,12.69,3.17,5.14
2/10/2019 8:30,3.09,12.68,3.16,5.14
2/10/2019 8:45,3.1,12.69,3.15,5.14
2/10/2019 9:00,3.1,12.69,3.17,5.14
2/10/2019 9:15,3.09,12.69,3.16,5.13
2/10/2019 9:30,3.09,12.68,3.15,5.13
2/10/2019 9:45,3.1,12.68,3.14,5.13
2/10/2019 10:00,3.09,12.69,3.15,5.13
2/10/2019 10:15,3.09,12.68,3.14,5.13
2/10/2019 10:30,3.11,12.68,3.13,5.13
2/10/2019 10:45,3.11,12.67,3.14,5.13
2/10/2019 11:00,3.1,12.67,3.16,5.13
2/10/2019 11:15,3.1,12.67,3.17,5.13
2/10/2019 11:30,3.09,12.67,3.17,5.13
2/10/2019 11:45,3.09,12.67,3.17,5.13
2/10/2019 12:00,3.1,12.66,3.16,5.13
2/10/2019 12:15,3.1,12.67,3.15,5.13
2/10/2019 12:30,3.09,12.67,3.15,5.13
2/10/2019 12:45,3.1,12.67,3.14,5.13
2/10/2019 13:00,3.09,12.67,3.15,5.13
2/10/2019 13:15,3.1,12.67,3.16,5.13
2/10/2019 13:30,3.1,12.67,3.16,5.13
2/10/2019 13:45,3.11,12.67,3.16,5.13
2/10/2019 14:00,3.11,12.67,3.17,5.13
2/10/2019 14:15,3.12,12.68,3.17,5.13
2/10/2019 14:30,3.11,12.68,3.16,5.13
2/10/2019 14:45,3.1,12.67,3.16,5.13
2/10/2019 15:00,3.11,12.68,3.16,5.13
2/10/2019 15:15,3.11,12.67,3.15,5.13
2/10/2019 15:30,3.1,12.67,3.15,5.13
2/10/2019 15:45,3.11,12.68,3.16,5.13
2/10/2019 16:00,3.11,12.67,3.15,5.13
2/10/2019 16:15,3.1,12.67,3.14,5.13
2/10/2019 16:30,3.1,12.66,3.16,5.13
2/10/2019 16:45,3.1,12.66,3.15,5.13
2/10/2019 17:00,3.09,12.65,3.15,5.13
2/10/2019 17:15,3.09,12.66,3.16,5.12
2/10/2019 17:30,3.1,12.66,3.16,5.13
2/10/2019 17:45,3.1,12.67,3.15,5.12
2/10/2019 18:00,3.11,12.67,3.14,5.12
2/10/2019 18:15,3.12,12.67,3.15,5.12
2/10/2019 18:30,3.12,12.67,3.17,5.12
2/10/2019 18:45,3.12,12.67,3.16,5.12
2/10/2019 19:00,3.12,12.66,3.16,5.12
2/10/2019 19:15,3.11,12.67,3.16,5.11
2/10/2019 19:30,3.11,12.67,3.17,5.11
2/10/2019 19:45,3.11,12.67,3.18,5.11
2/10/2019 20:00,3.11,12.67,3.18,5.11
2/10/2019 20:15,3.11,12.67,3.18,5.11
2/10/2019 20:30,3.11,12.67,3.16,5.1
2/10/2019 20:45,3.1,12.67,3.16,5.1
2/10/2019 21:00,3.11,12.68,3.17,5.1
2/10/2019 21:15,3.12,12.68,3.17,5.11
2/10/2019 21:30,3.12,12.68,3.16,5.1
2/10/2019 21:45,3.11,12.67,3.15,5.1
2/10/2019 22:00,3.12,12.67,3.16,5.11
2/10/2019 22:15,3.12,12.67,3.16,5.11
2/10/2019 22:30,3.12,12.67,3.17,5.11
2/10/2019 22:45,3.12,12.68,3.18,5.11
2/10/2019 23:00,3.12,12.67,3.17,5.11
2/10/2019 23:15,3.12,12.68,3.18,5.11
2/10/2019 23:30,3.14,12.69,3.17,5.11
2/10/2019 23:45,3.17,12.68,3.17,5.11
2/11/2019 0:00,3.2,12.69,3.17,5.11
2/11/2019 0:15,3.21,12.69,3.17,5.11
2/11/2019 0:30,3.19,12.68,3.18,5.11
2/11/2019 0:45,3.17,12.69,3.16,5.11
2/11/2019 1:00,3.14,12.68,3.16,5.11
2/11/2019 1:15,3.13,12.68,3.16,5.11
2/11/2019 1:30,3.13,12.69,3.17,5.11
2/11/2019 1:45,3.11,12.69,3.18,5.11
2/11/2019 2:00,3.1,12.69,3.17,5.11
2/11/2019 2:15,3.09,12.7,3.17,5.11
2/11/2019 2:30,3.09,12.7,3.18,5.11
2/11/2019 2:45,3.09,12.71,3.17,5.11
2/11/2019 3:00,3.08,12.71,3.17,5.11
2/11/2019 3:15,3.09,12.71,3.19,5.11
2/11/2019 3:30,3.09,12.7,3.21,5.11
2/11/2019 3:45,3.09,12.69,3.21,5.11
2/11/2019 4:00,3.09,12.7,3.21,5.11
2/11/2019 4:15,3.1,12.68,3.19,5.11
2/11/2019 4:30,3.1,12.68,3.2,5.11
2/11/2019 4:45,3.09,12.7,3.21,5.1
2/11/2019 5:00,3.09,12.69,3.2,5.11
2/11/2019 5:15,3.08,12.69,3.19,5.1
2/11/2019 5:30,3.08,12.69,3.18,5.1
2/11/2019 5:45,3.09,12.69,3.18,5.11
2/11/2019 6:00,3.1,12.68,3.18,5.1
2/11/2019 6:15,3.1,12.67,3.19,5.1
2/11/2019 6:30,3.1,12.65,3.19,5.11
2/11/2019 6:45,3.1,12.67,3.18,5.11
2/11/2019 7:00,3.11,12.68,3.17,5.1
2/11/2019 7:15,3.11,12.69,3.17,5.11
2/11/2019 7:30,3.11,12.68,3.17,5.11
2/11/2019 7:45,3.12,12.68,3.17,5.1
2/11/2019 8:00,3.12,12.68,3.18,5.11
2/11/2019 8:15,3.1,12.68,3.18,5.1
2/11/2019 8:30,3.1,12.68,3.17,5.1
2/11/2019 8:45,3.1,12.68,3.16,5.1
2/11/2019 9:00,3.12,12.7,3.15,5.1
2/11/2019 9:15,3.11,12.68,3.14,5.1
2/11/2019 9:30,3.11,12.7,3.14,5.1
2/11/2019 9:45,3.12,12.69,3.15,5.1
2/11/2019 10:00,3.12,12.69,3.15,5.1
2/11/2019 10:15,3.12,12.68,3.17,5.1
2/11/2019 10:30,3.13,12.68,3.17,5.1
2/11/2019 10:45,3.13,12.68,3.15,5.1
2/11/2019 11:00,3.1,12.69,3.14,5.1
2/11/2019 11:15,3.1,12.69,3.13,5.1
2/11/2019 11:30,3.11,12.7,3.15,5.11
2/11/2019 11:45,3.11,12.7,3.16,5.11
2/11/2019 12:00,3.13,12.69,3.14,5.11
2/11/2019 12:15,3.12,12.69,3.12,5.11
2/11/2019 12:30,3.12,12.68,3.15,5.11
2/11/2019 12:45,3.12,12.69,3.14,5.11
2/11/2019 13:00,3.11,12.69,3.15,5.11
2/11/2019 13:15,3.11,12.69,3.14,5.1
2/11/2019 13:30,3.11,12.68,3.13,5.11
2/11/2019 13:45,3.11,12.69,3.12,5.11
2/11/2019 14:00,3.11,12.69,3.12,5.11
2/11/2019 14:15,3.11,12.69,3.14,5.11
2/11/2019 14:30,3.12,12.69,3.15,5.11
2/11/2019 14:45,3.12,12.68,3.15,5.11
2/11/2019 15:00,3.11,12.7,3.15,5.11
2/11/2019 15:15,3.12,12.69,3.15,5.11
2/11/2019 15:30,3.12,12.69,3.12,5.11
2/11/2019 15:45,3.12,12.69,3.15,5.11
2/11/2019 16:00,3.12,12.68,3.16,5.11
2/11/2019 16:15,3.13,12.69,3.18,5.11
2/11/2019 16:30,3.13,12.69,3.17,5.11
2/11/2019 16:45,3.12,12.7,3.17,5.11
2/11/2019 17:00,3.11,12.69,3.18,5.11
2/11/2019 17:15,3.11,12.71,3.18,5.11
2/11/2019 17:30,3.12,12.71,3.17,5.11
2/11/2019 17:45,3.13,12.69,3.17,5.11
2/11/2019 18:00,3.13,12.69,3.17,5.11
2/11/2019 18:15,3.13,12.7,3.16,5.1
2/11/2019 18:30,3.13,12.71,3.17,5.1
2/11/2019 18:45,3.13,12.68,3.18,5.1
2/11/2019 19:00,3.11,12.68,3.18,5.1
2/11/2019 19:15,3.09,12.68,3.18,5.1
2/11/2019 19:30,3.11,12.68,3.19,5.1
2/11/2019 19:45,3.12,12.69,3.18,5.09
2/11/2019 20:00,3.11,12.69,3.19,5.09
2/11/2019 20:15,3.11,12.68,3.16,5.09
2/11/2019 20:30,3.11,12.68,3.17,5.09
2/11/2019 20:45,3.12,12.68,3.18,5.09
2/11/2019 21:00,3.12,12.7,3.2,5.09
2/11/2019 21:15,3.12,12.7,3.2,5.09
2/11/2019 21:30,3.13,12.71,3.19,5.09
2/11/2019 21:45,3.13,12.7,3.19,5.08
2/11/2019 22:00,3.12,12.7,3.19,5.08
2/11/2019 22:15,3.12,12.71,3.2,5.08
2/11/2019 22:30,3.12,12.69,3.18,5.08
2/11/2019 22:45,3.11,12.69,3.18,5.08
2/11/2019 23:00,3.12,12.7,3.19,5.08
2/11/2019 23:15,3.12,12.7,3.18,5.08
2/11/2019 23:30,3.14,12.7,3.18,5.08
2/11/2019 23:45,3.17,12.69,3.17,5.07
2/12/2019 0:00,3.19,12.7,3.18,5.07
2/12/2019 0:15,3.21,12.7,3.17,5.07
2/12/2019 0:30,3.19,12.69,3.18,5.07
2/12/2019 0:45,3.17,12.7,3.18,5.06
2/12/2019 1:00,3.16,12.7,3.18,5.06
2/12/2019 1:15,3.13,12.69,3.17,5.06
2/12/2019 1:30,3.12,12.71,3.16,5.05
2/12/2019 1:45,3.11,12.71,3.18,5.05
2/12/2019 2:00,3.09,12.7,3.16,5.05
2/12/2019 2:15,3.09,12.71,3.17,5.04
2/12/2019 2:30,3.07,12.71,3.18,5.04
2/12/2019 2:45,3.07,12.72,3.19,5.04
2/12/2019 3:00,3.07,12.71,3.2,5.04
2/12/2019 3:15,3.06,12.71,3.21,5.03
2/12/2019 3:30,3.07,12.71,3.2,5.03
2/12/2019 3:45,3.08,12.69,3.21,5.03
2/12/2019 4:00,3.08,12.68,3.21,5.02
2/12/2019 4:15,3.08,12.69,3.22,5.02
2/12/2019 4:30,3.08,12.68,3.21,5.02
2/12/2019 4:45,3.08,12.7,3.2,5.02
2/12/2019 5:00,3.07,12.69,3.2,5.02
2/12/2019 5:15,3.08,12.7,3.21,5.02
2/12/2019 5:30,3.08,12.69,3.21,5.02
2/12/2019 5:45,3.08,12.7,3.19,5.01
2/12/2019 6:00,3.07,12.7,3.18,5.02
2/12/2019 6:15,3.06,12.7,3.18,5.02
2/12/2019 6:30,3.07,12.7,3.18,5.02
2/12/2019 6:45,3.08,12.69,3.19,5.02
2/12/2019 7:00,3.08,12.7,3.19,5.02
2/12/2019 7:15,3.1,12.69,3.18,5.02
2/12/2019 7:30,3.11,12.69,3.17,5.03
2/12/2019 7:45,3.1,12.69,3.16,5.03
2/12/2019 8:00,3.1,12.7,3.16,5.03
2/12/2019 8:15,3.09,12.69,3.16,5.03
2/12/2019 8:30,3.09,12.68,3.16,5.03
2/12/2019 8:45,3.1,12.67,3.17,5.03
2/12/2019 9:00,3.11,12.68,3.15,5.03
2/12/2019 9:15,3.11,12.7,3.15,5.03
2/12/2019 9:30,3.11,12.69,3.15,5.03
2/12/2019 9:45,3.12,12.7,3.16,5.03
2/12/2019 10:00,3.13,12.69,3.16,5.03
2/12/2019 10:15,3.11,12.68,3.16,5.03
2/12/2019 10:30,3.11,12.68,3.16,5.03
2/12/2019 10:45,3.11,12.7,3.15,5.03
2/12/2019 11:00,3.1,12.69,3.16,5.03
2/12/2019 11:15,3.09,12.69,3.16,5.03
2/12/2019 11:30,3.1,12.69,3.15,5.03
2/12/2019 11:45,3.11,12.68,3.15,5.03
2/12/2019 12:00,3.12,12.68,3.16,5.03
2/12/2019 12:15,3.13,12.66,3.16,5.03
2/12/2019 12:30,3.12,12.67,3.17,5.03
2/12/2019 12:45,3.13,12.69,3.17,5.03
2/12/2019 13:00,3.12,12.67,3.18,5.03
2/12/2019 13:15,3.13,12.71,3.17,5.03
2/12/2019 13:30,3.12,12.7,3.17,5.02
2/12/2019 13:45,3.12,12.71,3.17,5.02
2/12/2019 14:00,3.12,12.71,3.18,5.02
2/12/2019 14:15,3.12,12.7,3.18,5.03
2/12/2019 14:30,3.11,12.71,3.18,5.03
2/12/2019 14:45,3.11,12.7,3.17,5.03
2/12/2019 15:00,3.1,12.7,3.19,5.03
2/12/2019 15:15,3.11,12.7,3.17,5.03
2/12/2019 15:30,3.11,12.7,3.17,5.03
2/12/2019 15:45,3.12,12.7,3.18,5.03
2/12/2019 16:00,3.13,12.72,3.19,5.03
2/12/2019 16:15,3.12,12.71,3.18,5.03
2/12/2019 16:30,3.11,12.73,3.2,5.03
2/12/2019 16:45,3.1,12.73,3.19,5.03
2/12/2019 17:00,3.11,12.72,3.19,5.03
2/12/2019 17:15,3.12,12.73,3.17,5.03
2/12/2019 17:30,3.12,12.73,3.17,5.02
2/12/2019 17:45,3.13,12.73,3.16,5.02
2/12/2019 18:00,3.13,12.73,3.19,5.02
2/12/2019 18:15,3.13,12.71,3.18,5.02
2/12/2019 18:30,3.14,12.73,3.18,5.01
2/12/2019 18:45,3.13,12.73,3.19,5.01
2/12/2019 19:00,3.13,12.74,3.19,5.01
2/12/2019 19:15,3.13,12.73,3.19,5
2/12/2019 19:30,3.13,12.74,3.19,5
2/12/2019 19:45,3.13,12.74,3.19,5
2/12/2019 20:00,3.13,12.74,3.19,5
2/12/2019 20:15,3.12,12.72,3.19,4.99
2/12/2019 20:30,3.11,12.74,3.18,4.99
2/12/2019 20:45,3.1,12.74,3.18,4.99
2/12/2019 21:00,3.09,12.73,3.17,4.99
2/12/2019 21:15,3.09,12.73,3.17,4.99
2/12/2019 21:30,3.12,12.73,3.17,4.99
2/12/2019 21:45,3.11,12.72,3.19,4.99
2/12/2019 22:00,3.09,12.71,3.19,4.99
2/12/2019 22:15,3.09,12.73,3.2,4.98
2/12/2019 22:30,3.09,12.73,3.2,4.99
2/12/2019 22:45,3.09,12.73,3.19,4.99
2/12/2019 23:00,3.09,12.73,3.19,4.99
2/12/2019 23:15,3.09,12.73,3.19,4.99
2/12/2019 23:30,3.08,12.73,3.2,4.99
2/12/2019 23:45,3.09,12.73,3.18,4.99
2/13/2019 0:00,3.12,12.73,3.17,4.99
2/13/2019 0:15,3.14,12.74,3.17,4.99
2/13/2019 0:30,3.11,12.74,3.19,4.99
2/13/2019 0:45,3.07,12.74,3.18,4.99
2/13/2019 1:00,3.04,12.74,3.19,4.99
2/13/2019 1:15,3.02,12.74,3.2,4.99
2/13/2019 1:30,3.02,12.74,3.2,4.99
2/13/2019 1:45,3.01,12.74,3.2,4.99
2/13/2019 2:00,3,12.74,3.19,4.99
2/13/2019 2:15,3.01,12.73,3.18,4.99
2/13/2019 2:30,3.01,12.73,3.17,5
2/13/2019 2:45,3.02,12.74,3.18,5
2/13/2019 3:00,3.02,12.74,3.18,4.99
2/13/2019 3:15,3.01,12.74,3.19,5
2/13/2019 3:30,3.01,12.74,3.18,5
2/13/2019 3:45,3,12.73,3.18,5
2/13/2019 4:00,3,12.73,3.18,5
2/13/2019 4:15,3,12.73,3.19,5
2/13/2019 4:30,3,12.73,3.18,5
2/13/2019 4:45,3,12.73,3.17,5
2/13/2019 5:00,2.99,12.73,3.16,5
2/13/2019 5:15,2.99,12.73,3.15,5
2/13/2019 5:30,2.99,12.73,3.14,5
2/13/2019 5:45,2.99,12.73,3.13,5
2/13/2019 6:00,2.98,12.73,3.14,5
2/13/2019 6:15,2.97,12.76,3.14,5
2/13/2019 6:30,2.97,12.73,3.12,5
2/13/2019 6:45,2.98,12.72,3.13,5
2/13/2019 7:00,2.98,12.73,3.13,5
2/13/2019 7:15,2.98,12.72,3.11,4.99
2/13/2019 7:30,2.98,12.71,3.1,4.99
2/13/2019 7:45,2.99,12.71,3.11,4.99
2/13/2019 8:00,2.99,12.71,3.11,5.01
2/13/2019 8:15,2.99,12.74,3.08,5
2/13/2019 8:30,3,12.71,3.09,5
2/13/2019 8:45,2.99,12.71,3.09,5
2/13/2019 9:00,2.99,12.71,3.09,4.99
2/13/2019 9:15,2.99,12.72,3.08,4.99
2/13/2019 9:30,2.99,12.71,3.08,4.98
2/13/2019 9:45,2.99,12.72,3.09,4.99
2/13/2019 10:00,2.98,12.72,3.09,4.98
2/13/2019 10:15,2.98,12.73,3.08,4.98
2/13/2019 10:30,2.98,12.73,3.07,4.98
2/13/2019 10:45,2.98,12.73,3.08,4.98
2/13/2019 11:00,2.99,12.7,3.09,4.98
2/13/2019 11:15,3,12.69,3.08,4.98
2/13/2019 11:30,3,12.7,3.08,4.98
2/13/2019 11:45,2.99,12.68,3.08,4.97
2/13/2019 12:00,2.99,12.7,3.07,4.97
2/13/2019 12:15,3,12.69,3.07,4.97
2/13/2019 12:30,2.99,12.7,3.06,4.97
2/13/2019 12:45,3,12.7,3.07,4.97
2/13/2019 13:00,2.99,12.71,3.08,4.97
2/13/2019 13:15,2.99,12.7,3.08,4.97
2/13/2019 13:30,2.98,12.69,3.09,4.97
2/13/2019 13:45,2.98,12.69,3.1,4.97
2/13/2019 14:00,2.98,12.7,3.09,4.98
2/13/2019 14:15,2.99,12.7,3.08,4.97
2/13/2019 14:30,2.99,12.71,3.09,4.98
2/13/2019 14:45,2.99,12.71,3.09,4.98
2/13/2019 15:00,2.98,12.7,3.08,4.97
2/13/2019 15:15,2.98,12.7,3.09,4.97
2/13/2019 15:30,2.97,12.7,3.09,4.97
2/13/2019 15:45,2.97,12.69,3.08,4.98
2/13/2019 16:00,2.98,12.69,3.09,4.98
2/13/2019 16:15,2.98,12.7,3.08,4.98
2/13/2019 16:30,2.98,12.71,3.08,4.98
2/13/2019 16:45,2.99,12.71,3.05,4.98
2/13/2019 17:00,2.98,12.71,3.07,4.98
2/13/2019 17:15,2.98,12.71,3.09,4.98
2/13/2019 17:30,2.97,12.71,3.09,4.98
2/13/2019 17:45,2.97,12.7,3.09,4.98
2/13/2019 18:00,2.98,12.71,3.09,4.98
2/13/2019 18:15,2.98,12.72,3.08,4.98
2/13/2019 18:30,2.98,12.71,3.07,4.97
2/13/2019 18:45,2.98,12.71,3.07,4.97
2/13/2019 19:00,2.98,12.71,3.06,4.98
2/13/2019 19:15,2.98,12.72,3.07,4.97
2/13/2019 19:30,2.98,12.72,3.09,4.97
2/13/2019 19:45,2.97,12.7,3.09,4.98
2/13/2019 20:00,2.96,12.7,3.08,4.97
2/13/2019 20:15,2.95,12.71,3.08,4.97
2/13/2019 20:30,2.96,12.72,3.08,4.97
2/13/2019 20:45,2.97,12.73,3.08,4.96
2/13/2019 21:00,2.98,12.73,3.09,4.96
2/13/2019 21:15,2.98,12.73,3.07,4.96
2/13/2019 21:30,2.97,12.72,3.08,4.96
2/13/2019 21:45,2.96,12.71,3.07,4.96
2/13/2019 22:00,2.96,12.72,3.08,4.96
2/13/2019 22:15,2.97,12.71,3.08,4.96
2/13/2019 22:30,2.97,12.72,3.08,4.96
2/13/2019 22:45,2.97,12.72,3.09,4.96
2/13/2019 23:00,2.97,12.72,3.08,4.95
2/13/2019 23:15,2.98,12.72,3.08,4.95
2/13/2019 23:30,3.01,12.73,3.08,4.95
2/13/2019 23:45,3.02,12.73,3.06,4.95
2/14/2019 0:00,3.06,12.73,3.08,4.95
2/14/2019 0:15,3.06,12.73,3.08,4.95
2/14/2019 0:30,3.03,12.73,3.08,4.95
2/14/2019 0:45,2.98,12.73,3.08,4.95
2/14/2019 1:00,2.96,12.74,3.07,4.95
2/14/2019 1:15,2.95,12.73,3.07,4.95
2/14/2019 1:30,2.94,12.72,3.08,4.95
2/14/2019 1:45,2.94,12.74,3.08,4.95
2/14/2019 2:00,2.93,12.75,3.08,4.95
2/14/2019 2:15,2.93,12.75,3.06,4.95
2/14/2019 2:30,2.93,12.74,3.08,4.95
2/14/2019 2:45,2.92,12.74,3.08,4.95
2/14/2019 3:00,2.92,12.75,3.08,4.94
2/14/2019 3:15,2.91,12.75,3.08,4.94
2/14/2019 3:30,2.91,12.74,3.09,4.94
2/14/2019 3:45,2.92,12.73,3.09,4.94
2/14/2019 4:00,2.92,12.73,3.1,4.94
2/14/2019 4:15,2.91,12.73,3.1,4.94
2/14/2019 4:30,2.9,12.73,3.12,4.94
2/14/2019 4:45,2.9,12.74,3.12,4.94
2/14/2019 5:00,2.9,12.73,3.12,4.94
2/14/2019 5:15,2.9,12.73,3.12,4.95
2/14/2019 5:30,2.89,12.73,3.1,4.94
2/14/2019 5:45,2.9,12.71,3.1,4.95
2/14/2019 6:00,2.9,12.72,3.09,4.95
2/14/2019 6:15,2.9,12.72,3.1,4.95
2/14/2019 6:30,2.9,12.73,3.08,4.96
2/14/2019 6:45,2.89,12.73,3.07,4.96
2/14/2019 7:00,2.9,12.73,3.07,4.96
2/14/2019 7:15,2.89,12.73,3.07,4.97
2/14/2019 7:30,2.89,12.72,3.06,4.97
2/14/2019 7:45,2.89,12.72,3.05,4.97
2/14/2019 8:00,2.89,12.72,3.04,4.97
2/14/2019 8:15,2.87,12.72,3.04,4.97
2/14/2019 8:30,2.88,12.72,3.04,4.98
2/14/2019 8:45,2.88,12.71,3.06,4.97
2/14/2019 9:00,2.89,12.7,3.06,4.97
2/14/2019 9:15,2.9,12.69,3.05,4.97
2/14/2019 9:30,2.89,12.7,3.02,4.97
2/14/2019 9:45,2.88,12.71,3.04,4.97
2/14/2019 10:00,2.88,12.71,3.05,4.97
2/14/2019 10:15,2.87,12.71,3.05,4.97
2/14/2019 10:30,2.88,12.7,3.05,4.97
2/14/2019 10:45,2.88,12.73,3.04,4.97
2/14/2019 11:00,2.89,12.73,3.02,4.97
2/14/2019 11:15,2.89,12.73,3.04,4.96
2/14/2019 11:30,2.88,12.73,3.05,4.96
2/14/2019 11:45,2.88,12.71,3.04,4.96
2/14/2019 12:00,2.88,12.7,3.04,4.96
2/14/2019 12:15,2.88,12.71,3.04,4.96
2/14/2019 12:30,2.88,12.7,3.04,4.97
2/14/2019 12:45,2.89,12.7,3.04,4.96
2/14/2019 13:00,2.89,12.7,3.03,4.96
2/14/2019 13:15,2.89,12.69,3.01,4.96
2/14/2019 13:30,2.86,12.68,3.03,4.96
2/14/2019 13:45,2.86,12.69,3.03,4.96
2/14/2019 14:00,2.87,12.69,3.03,4.96
2/14/2019 14:15,2.87,12.7,3.03,4.96
2/14/2019 14:30,2.88,12.69,3.04,4.96
2/14/2019 14:45,2.85,12.7,3.03,4.96
2/14/2019 15:00,2.85,12.71,3.03,4.96
2/14/2019 15:15,2.87,12.7,3.03,4.96
2/14/2019 15:30,2.86,12.7,3.03,4.96
2/14/2019 15:45,2.87,12.69,3.04,4.96
2/14/2019 16:00,2.86,12.68,3.03,4.96
2/14/2019 16:15,2.86,12.69,3.03,4.96
2/14/2019 16:30,2.86,12.7,3.03,4.96
2/14/2019 16:45,2.86,12.69,3.01,4.96
2/14/2019 17:00,2.87,12.69,3.02,4.96
2/14/2019 17:15,2.86,12.69,3.03,4.96
2/14/2019 17:30,2.86,12.69,3.03,4.96
2/14/2019 17:45,2.86,12.69,3.05,4.96
2/14/2019 18:00,2.86,12.69,3.05,4.96
2/14/2019 18:15,2.85,12.71,3.03,4.96
2/14/2019 18:30,2.87,12.71,3.05,4.96
2/14/2019 18:45,2.87,12.72,3.06,4.96
2/14/2019 19:00,2.87,12.72,3.07,4.96
2/14/2019 19:15,2.86,12.72,3.06,4.95
2/14/2019 19:30,2.85,12.72,3.07,4.95
2/14/2019 19:45,2.85,12.71,3.06,4.94
2/14/2019 20:00,2.86,12.7,3.07,4.94
2/14/2019 20:15,2.86,12.7,3.06,4.94
2/14/2019 20:30,2.86,12.69,3.08,4.94
2/14/2019 20:45,2.87,12.7,3.08,4.94
2/14/2019 21:00,2.86,12.69,3.08,4.93
2/14/2019 21:15,2.87,12.71,3.08,4.93
2/14/2019 21:30,2.87,12.7,3.08,4.93
2/14/2019 21:45,2.87,12.7,3.08,4.93
2/14/2019 22:00,2.88,12.71,3.09,4.92
2/14/2019 22:15,2.87,12.71,3.08,4.92
2/14/2019 22:30,2.87,12.69,3.07,4.92
2/14/2019 22:45,2.88,12.71,3.08,4.92
2/14/2019 23:00,2.87,12.69,3.08,4.92
2/14/2019 23:15,2.87,12.71,3.08,4.92
2/14/2019 23:30,2.88,12.72,3.06,4.92
2/14/2019 23:45,2.88,12.73,3.06,4.92
2/15/2019 0:00,2.9,12.71,3.07,4.92
2/15/2019 0:15,2.93,12.72,3.07,4.92
2/15/2019 0:30,2.93,12.71,3.08,4.92
2/15/2019 0:45,2.91,12.72,3.07,4.92
2/15/2019 1:00,2.9,12.73,3.08,4.92
2/15/2019 1:15,2.89,12.73,3.07,4.92
2/15/2019 1:30,2.87,12.73,3.07,4.92
2/15/2019 1:45,2.85,12.72,3.07,4.92
2/15/2019 2:00,2.84,12.73,3.08,4.92
2/15/2019 2:15,2.83,12.74,3.08,4.91
2/15/2019 2:30,2.85,12.73,3.07,4.91
2/15/2019 2:45,2.85,12.73,3.06,4.91
2/15/2019 3:00,2.86,12.73,3.07,4.91
2/15/2019 3:15,2.86,12.73,3.07,4.91
2/15/2019 3:30,2.85,12.71,3.07,4.91
2/15/2019 3:45,2.85,12.71,3.07,4.91
2/15/2019 4:00,2.85,12.71,3.07,4.91
2/15/2019 4:15,2.83,12.71,3.08,4.9
2/15/2019 4:30,2.83,12.72,3.08,4.91
2/15/2019 4:45,2.83,12.74,3.1,4.9
2/15/2019 5:00,2.83,12.73,3.1,4.91
2/15/2019 5:15,2.84,12.74,3.09,4.91
2/15/2019 5:30,2.84,12.74,3.08,4.91
2/15/2019 5:45,2.85,12.74,3.08,4.91
2/15/2019 6:00,2.83,12.73,3.08,4.91
2/15/2019 6:15,2.83,12.73,3.07,4.92
2/15/2019 6:30,2.84,12.72,3.06,4.92
2/15/2019 6:45,2.83,12.72,3.06,4.92
2/15/2019 7:00,2.84,12.72,3.06,4.91
2/15/2019 7:15,2.85,12.73,3.04,4.92
2/15/2019 7:30,2.86,12.72,3.06,4.92
2/15/2019 7:45,2.86,12.73,3.08,4.92
2/15/2019 8:00,2.87,12.72,3.05,4.93
2/15/2019 8:15,2.86,12.71,3.04,4.93
2/15/2019 8:30,2.86,12.7,3.04,4.93
2/15/2019 8:45,2.85,12.7,3.03,4.93
2/15/2019 9:00,2.85,12.71,3.03,4.94
2/15/2019 9:15,2.86,12.7,3.04,4.94
2/15/2019 9:30,2.89,12.71,3.04,4.94
2/15/2019 9:45,2.88,12.71,3.05,4.94
2/15/2019 10:00,2.88,12.73,3.05,4.94
2/15/2019 10:15,2.88,12.74,3.05,4.94
2/15/2019 10:30,2.88,12.77,3.05,4.94
2/15/2019 10:45,2.9,12.73,3.04,4.94
2/15/2019 11:00,2.89,12.68,3.04,4.94
2/15/2019 11:15,2.86,12.69,3.02,4.94
2/15/2019 11:30,2.85,12.7,3.03,4.94
2/15/2019 11:45,2.86,12.71,3.05,4.94
2/15/2019 12:00,2.88,12.71,3.04,4.94
2/15/2019 12:15,2.9,12.71,3.05,4.94
2/15/2019 12:30,2.86,12.72,3.05,4.94
2/15/2019 12:45,2.88,12.72,3.07,4.94
2/15/2019 13:00,2.88,12.71,3.06,4.94
2/15/2019 13:15,2.89,12.71,3.06,4.94
2/15/2019 13:30,2.91,12.71,3.07,4.94
2/15/2019 13:45,2.88,12.71,3.07,4.94
2/15/2019 14:00,2.88,12.7,3.06,4.93
2/15/2019 14:15,2.88,12.7,3.07,4.93
2/15/2019 14:30,2.88,12.69,3.08,4.94
2/15/2019 14:45,2.88,12.7,3.07,4.93
2/15/2019 15:00,2.88,12.7,3.07,4.93
2/15/2019 15:15,2.9,12.71,3.09,4.94
2/15/2019 15:30,2.87,12.72,3.09,4.94
2/15/2019 15:45,2.86,12.72,3.09,4.94
2/15/2019 16:00,2.88,12.71,3.09,4.94
2/15/2019 16:15,2.88,12.71,3.09,4.94
2/15/2019 16:30,2.88,12.69,3.08,4.94
2/15/2019 16:45,2.9,12.69,3.09,4.94
2/15/2019 17:00,2.89,12.71,3.08,4.94
2/15/2019 17:15,2.87,12.71,3.08,4.94
2/15/2019 17:30,2.87,12.71,3.08,4.93
2/15/2019 17:45,2.87,12.7,3.09,4.93
2/15/2019 18:00,2.87,12.7,3.08,4.93
2/15/2019 18:15,2.88,12.7,3.07,4.93
2/15/2019 18:30,2.88,12.71,3.08,4.93
2/15/2019 18:45,2.89,12.71,3.08,4.93
2/15/2019 19:00,2.88,12.71,3.08,4.93
2/15/2019 19:15,2.87,12.71,3.09,4.93
2/15/2019 19:30,2.87,12.71,3.09,4.93
2/15/2019 19:45,2.87,12.71,3.08,4.93
2/15/2019 20:00,2.87,12.71,3.08,4.92
2/15/2019 20:15,2.87,12.72,3.08,4.92
2/15/2019 20:30,2.88,12.72,3.08,4.92
2/15/2019 20:45,2.88,12.71,3.08,4.92
2/15/2019 21:00,2.88,12.72,3.07,4.92
2/15/2019 21:15,2.89,12.71,3.05,4.92
2/15/2019 21:30,2.88,12.71,3.08,4.92
2/15/2019 21:45,2.88,12.71,3.07,4.92
2/15/2019 22:00,2.88,12.71,3.07,4.92
2/15/2019 22:15,2.88,12.72,3.07,4.92
2/15/2019 22:30,2.88,12.71,3.07,4.92
2/15/2019 22:45,2.88,12.71,3.08,4.92
2/15/2019 23:00,2.89,12.7,3.08,4.92
2/15/2019 23:15,2.9,12.71,3.08,4.92
2/15/2019 23:30,2.91,12.71,3.08,4.92
2/15/2019 23:45,2.91,12.73,3.07,4.92
2/16/2019 0:00,2.92,12.72,3.07,4.92
2/16/2019 0:15,2.93,12.73,3.06,4.92
2/16/2019 0:30,2.94,12.72,3.08,4.92
2/16/2019 0:45,2.92,12.72,3.09,4.92
2/16/2019 1:00,2.9,12.74,3.09,4.92
2/16/2019 1:15,2.88,12.75,3.08,4.91
2/16/2019 1:30,2.87,12.77,3.08,4.91
2/16/2019 1:45,2.85,12.78,3.08,4.91
2/16/2019 2:00,2.83,12.77,3.07,4.91
2/16/2019 2:15,2.82,12.78,3.07,4.91
2/16/2019 2:30,2.82,12.8,3.07,4.91
2/16/2019 2:45,2.82,12.83,3.06,4.9
2/16/2019 3:00,2.83,12.84,3.07,4.9
2/16/2019 3:15,2.83,12.85,3.09,4.9
2/16/2019 3:30,2.83,12.84,3.08,4.9
2/16/2019 3:45,2.83,12.87,3.09,4.9
2/16/2019 4:00,2.83,12.88,3.08,4.9
2/16/2019 4:15,2.82,12.9,3.1,4.9
2/16/2019 4:30,2.82,12.93,3.1,4.9
2/16/2019 4:45,2.82,12.94,3.09,4.9
2/16/2019 5:00,2.82,12.95,3.1,4.9
2/16/2019 5:15,2.82,12.97,3.09,4.9
2/16/2019 5:30,2.82,12.98,3.09,4.9
2/16/2019 5:45,2.82,12.96,3.05,4.9
2/16/2019 6:00,2.82,12.96,3.07,4.91
2/16/2019 6:15,2.82,12.97,3.07,4.91
2/16/2019 6:30,2.82,12.99,3.07,4.91
2/16/2019 6:45,2.82,12.97,3.07,4.91
2/16/2019 7:00,2.81,13,3.05,4.91
2/16/2019 7:15,2.8,12.99,3.06,4.92
2/16/2019 7:30,2.82,13,3.06,4.92
2/16/2019 7:45,2.83,13,3.04,4.92
2/16/2019 8:00,2.84,12.99,3.05,4.93
2/16/2019 8:15,2.84,13,3.04,4.93
2/16/2019 8:30,2.85,13,3.02,4.93
2/16/2019 8:45,2.85,12.99,3.03,4.93
2/16/2019 9:00,2.87,12.97,3.01,4.93
2/16/2019 9:15,2.85,12.97,3.02,4.93
2/16/2019 9:30,2.84,13.01,3,4.95
2/16/2019 9:45,2.84,12.96,3.01,4.95
2/16/2019 10:00,2.84,12.96,3.02,4.94
2/16/2019 10:15,2.84,12.95,3,4.95
2/16/2019 10:30,2.83,12.96,2.99,4.95
2/16/2019 10:45,2.84,12.96,3.01,4.95
2/16/2019 11:00,2.84,12.95,3.01,4.94
2/16/2019 11:15,2.85,12.95,3,4.94
2/16/2019 11:30,2.84,12.96,3.02,4.94
2/16/2019 11:45,2.82,12.95,3.02,4.94
2/16/2019 12:00,2.86,12.96,2.99,4.95
2/16/2019 12:15,2.87,12.96,2.96,4.94
2/16/2019 12:30,2.85,12.95,2.99,4.94
2/16/2019 12:45,2.81,12.96,3,4.94
2/16/2019 13:00,2.83,12.95,3,4.94
2/16/2019 13:15,2.84,12.93,3.02,4.94
2/16/2019 13:30,2.85,12.92,3.02,4.94
2/16/2019 13:45,2.87,12.94,3.01,4.94
2/16/2019 14:00,2.85,12.95,3.01,4.93
2/16/2019 14:15,2.88,12.95,3.02,4.93
2/16/2019 14:30,2.85,12.94,3.02,4.93
2/16/2019 14:45,2.85,12.94,3.01,4.93
2/16/2019 15:00,2.85,12.95,3,4.93
2/16/2019 15:15,2.85,12.96,3,4.93
2/16/2019 15:30,2.85,12.96,3.02,4.93
2/16/2019 15:45,2.85,12.96,3.05,4.93
2/16/2019 16:00,2.86,12.95,3.01,4.93
2/16/2019 16:15,2.84,12.94,2.99,4.93
2/16/2019 16:30,2.85,12.95,3.02,4.93
2/16/2019 16:45,2.86,12.95,3.02,4.93
2/16/2019 17:00,2.85,12.95,3,4.92
2/16/2019 17:15,2.85,12.96,3.03,4.93
2/16/2019 17:30,2.85,12.95,3.04,4.92
2/16/2019 17:45,2.86,12.94,3.04,4.92
2/16/2019 18:00,2.86,12.93,3.04,4.92
2/16/2019 18:15,2.87,12.93,3.06,4.92
2/16/2019 18:30,2.86,12.93,3.06,4.92
2/16/2019 18:45,2.85,12.95,3.05,4.91
2/16/2019 19:00,2.85,12.94,3.06,4.91
2/16/2019 19:15,2.84,12.94,3.05,4.91
2/16/2019 19:30,2.83,12.93,3.06,4.91
2/16/2019 19:45,2.84,12.93,3.07,4.91
2/16/2019 20:00,2.84,12.93,3.06,4.91
2/16/2019 20:15,2.84,12.93,3.06,4.91
2/16/2019 20:30,2.84,12.94,3.06,4.91
2/16/2019 20:45,2.84,12.94,3.07,4.91
2/16/2019 21:00,2.84,12.93,3.06,4.91
2/16/2019 21:15,2.84,12.93,3.06,4.91
2/16/2019 21:30,2.84,12.93,3.05,4.91
2/16/2019 21:45,2.85,12.94,3.06,4.91
2/16/2019 22:00,2.86,12.94,3.06,4.91
2/16/2019 22:15,2.87,12.95,3.06,4.91
2/16/2019 22:30,2.88,12.96,3.06,4.91
2/16/2019 22:45,2.88,12.95,3.07,4.92
2/16/2019 23:00,2.87,12.96,3.06,4.91
2/16/2019 23:15,2.88,12.95,3.05,4.91
2/16/2019 23:30,2.88,12.95,3.05,4.91
2/16/2019 23:45,2.9,12.96,3.06,4.92
2/17/2019 0:00,2.92,12.96,3.07,4.92
2/17/2019 0:15,2.93,12.97,3.08,4.92
2/17/2019 0:30,2.92,12.96,3.08,4.93
2/17/2019 0:45,2.88,12.96,3.08,4.92
2/17/2019 1:00,2.86,12.95,3.08,4.92
2/17/2019 1:15,2.85,12.96,3.08,4.93
2/17/2019 1:30,2.85,12.97,3.07,4.93
2/17/2019 1:45,2.84,12.99,3.08,4.93
2/17/2019 2:00,2.84,13,3.08,4.93
2/17/2019 2:15,2.82,13.01,3.07,4.93
2/17/2019 2:30,2.81,13.02,3.07,4.92
2/17/2019 2:45,2.81,13,3.07,4.91
2/17/2019 3:00,2.81,12.99,3.07,4.91
2/17/2019 3:15,2.81,12.98,3.07,4.91
2/17/2019 3:30,2.81,12.98,3.07,4.91
2/17/2019 3:45,2.81,13.01,3.09,4.91
2/17/2019 4:00,2.81,12.99,3.1,4.91
2/17/2019 4:15,2.81,13.04,3.1,4.91
2/17/2019 4:30,2.8,13,3.11,4.91
2/17/2019 4:45,2.79,13.04,3.1,4.92
2/17/2019 5:00,2.79,13.04,3.11,4.92
2/17/2019 5:15,2.79,13,3.1,4.92
2/17/2019 5:30,2.79,12.98,3.1,4.92
2/17/2019 5:45,2.79,12.98,3.1,4.92
2/17/2019 6:00,2.79,12.99,3.09,4.93
2/17/2019 6:15,2.79,12.96,3.07,4.92
2/17/2019 6:30,2.79,12.98,3.06,4.93
2/17/2019 6:45,2.78,12.97,3.06,4.93
2/17/2019 7:00,2.79,12.97,3.07,4.93
2/17/2019 7:15,2.8,12.96,3.07,4.93
2/17/2019 7:30,2.8,12.94,3.06,4.93
2/17/2019 7:45,2.81,12.94,3.05,4.94
2/17/2019 8:00,2.81,12.96,3.04,4.94
2/17/2019 8:15,2.82,12.96,3.03,4.93
2/17/2019 8:30,2.82,12.96,3.02,4.94
2/17/2019 8:45,2.83,12.95,3.03,4.94
2/17/2019 9:00,2.83,12.95,3.01,4.94
2/17/2019 9:15,2.83,12.95,3.02,4.94
2/17/2019 9:30,2.82,12.94,3.03,4.94
2/17/2019 9:45,2.84,12.96,3.03,4.94
2/17/2019 10:00,2.84,12.96,3.02,4.96
2/17/2019 10:15,2.85,12.97,3.03,4.95
2/17/2019 10:30,2.84,12.95,3.04,4.95
2/17/2019 10:45,2.83,12.93,3.01,4.95
2/17/2019 11:00,2.83,12.93,3.03,4.95
2/17/2019 11:15,2.83,12.92,3.03,4.95
2/17/2019 11:30,2.83,12.92,3.03,4.95
2/17/2019 11:45,2.83,12.91,3.02,4.95
2/17/2019 12:00,2.83,12.92,3.02,4.95
2/17/2019 12:15,2.82,12.92,3.03,4.96
2/17/2019 12:30,2.82,12.92,3.04,4.96
2/17/2019 12:45,2.84,12.93,3.04,4.96
2/17/2019 13:00,2.83,12.94,3.05,4.96
2/17/2019 13:15,2.83,12.93,3.04,4.96
2/17/2019 13:30,2.83,12.92,3.03,4.96
2/17/2019 13:45,2.82,12.92,3.04,4.96
2/17/2019 14:00,2.82,12.91,3.03,4.96
2/17/2019 14:15,2.82,12.9,3.04,4.95
2/17/2019 14:30,2.82,12.9,3.04,4.95
2/17/2019 14:45,2.82,12.91,3.06,4.95
2/17/2019 15:00,2.82,12.92,3.06,4.95
2/17/2019 15:15,2.81,12.91,3.04,4.95
2/17/2019 15:30,2.82,12.89,3.05,4.95
2/17/2019 15:45,2.82,12.9,3.05,4.95
2/17/2019 16:00,2.82,12.91,3.06,4.95
2/17/2019 16:15,2.82,12.95,3.05,4.95
2/17/2019 16:30,2.81,12.94,3.06,4.95
2/17/2019 16:45,2.83,12.93,3.05,4.95
2/17/2019 17:00,2.82,12.91,3.05,4.95
2/17/2019 17:15,2.82,12.91,3.06,4.95
2/17/2019 17:30,2.81,12.91,3.05,4.94
2/17/2019 17:45,2.82,12.91,3.04,4.94
2/17/2019 18:00,2.81,12.92,3.03,4.94
2/17/2019 18:15,2.82,12.93,3.04,4.94
2/17/2019 18:30,2.82,12.92,3.04,4.94
2/17/2019 18:45,2.83,12.92,3.05,4.93
2/17/2019 19:00,2.82,12.91,3.05,4.93
2/17/2019 19:15,2.82,12.92,3.06,4.93
2/17/2019 19:30,2.83,12.93,3.06,4.92
2/17/2019 19:45,2.83,12.92,3.07,4.92
2/17/2019 20:00,2.83,12.9,3.05,4.92
2/17/2019 20:15,2.83,12.91,3.05,4.92
2/17/2019 20:30,2.83,12.93,3.05,4.91
2/17/2019 20:45,2.83,12.92,3.06,4.91
2/17/2019 21:00,2.85,12.92,3.06,4.91
2/17/2019 21:15,2.84,12.92,3.06,4.9
2/17/2019 21:30,2.85,12.93,3.05,4.9
2/17/2019 21:45,2.84,12.91,3.05,4.9
2/17/2019 22:00,2.84,12.93,3.04,4.89
2/17/2019 22:15,2.84,12.93,3.05,4.89
2/17/2019 22:30,2.84,12.93,3.06,4.9
2/17/2019 22:45,2.84,12.93,3.06,4.89
2/17/2019 23:00,2.85,12.92,3.05,4.89
2/17/2019 23:15,2.86,12.91,3.05,4.89
2/17/2019 23:30,2.91,12.93,3.05,4.89
2/17/2019 23:45,2.93,12.92,3.06,4.9
2/18/2019 0:00,2.94,12.92,3.06,4.9
2/18/2019 0:15,2.96,12.92,3.06,4.9
2/18/2019 0:30,2.95,12.91,3.07,4.89
2/18/2019 0:45,2.91,12.93,3.07,4.9
2/18/2019 1:00,2.88,12.93,3.06,4.9
2/18/2019 1:15,2.86,12.94,3.06,4.89
2/18/2019 1:30,2.85,12.95,3.07,4.89
2/18/2019 1:45,2.84,12.97,3.08,4.9
2/18/2019 2:00,2.83,12.98,3.08,4.89
2/18/2019 2:15,2.83,13,3.08,4.9
2/18/2019 2:30,2.83,13.01,3.08,4.89
2/18/2019 2:45,2.83,13.02,3.07,4.9
2/18/2019 3:00,2.83,13.02,3.06,4.9
2/18/2019 3:15,2.82,13.01,3.08,4.9
2/18/2019 3:30,2.83,13,3.1,4.9
2/18/2019 3:45,2.82,13,3.09,4.9
2/18/2019 4:00,2.82,13,3.09,4.91
2/18/2019 4:15,2.82,13.01,3.1,4.9
2/18/2019 4:30,2.82,13.01,3.1,4.9
2/18/2019 4:45,2.82,13.01,3.11,4.91
2/18/2019 5:00,2.82,13.02,3.11,4.91
2/18/2019 5:15,2.82,13.04,3.11,4.92
2/18/2019 5:30,2.81,13.04,3.11,4.91
2/18/2019 5:45,2.82,13.04,3.09,4.91
2/18/2019 6:00,2.82,13.04,3.09,4.91
2/18/2019 6:15,2.83,13.05,3.08,4.92
2/18/2019 6:30,2.84,13.05,3.08,4.92
2/18/2019 6:45,2.84,13.05,3.07,4.92
2/18/2019 7:00,2.84,13.05,3.06,4.92
2/18/2019 7:15,2.84,13.05,3.05,4.92
2/18/2019 7:30,2.84,13.05,3.07,4.92
2/18/2019 7:45,2.84,13.06,3.06,4.92
2/18/2019 8:00,2.85,13.05,3.05,4.92
2/18/2019 8:15,2.85,13.05,3.05,4.92
2/18/2019 8:30,2.85,13.05,3.04,4.92
2/18/2019 8:45,2.85,13.05,3.05,4.92
2/18/2019 9:00,2.85,13.05,3.04,4.92
2/18/2019 9:15,2.84,13.04,3.03,4.93
2/18/2019 9:30,2.83,13.04,3.05,4.92
2/18/2019 9:45,2.82,13.06,3.04,4.92
2/18/2019 10:00,2.83,13.05,3.04,4.93
2/18/2019 10:15,2.82,13.05,3.04,4.93
2/18/2019 10:30,2.82,13.05,3.04,4.94
2/18/2019 10:45,2.82,13.05,3.01,4.94
2/18/2019 11:00,2.83,13.04,3.02,4.93
2/18/2019 11:15,2.82,13.04,3,4.93
2/18/2019 11:30,2.84,13.03,2.99,4.93
2/18/2019 11:45,2.81,13.03,3.01,4.93
2/18/2019 12:00,2.86,13,3.01,4.93
2/18/2019 12:15,2.84,13.02,3.05,4.93
2/18/2019 12:30,2.85,13.01,3.02,4.93
2/18/2019 12:45,2.85,13,3.01,4.93
2/18/2019 13:00,2.84,13.01,3.01,4.93
2/18/2019 13:15,2.84,13.02,3.01,4.93
2/18/2019 13:30,2.84,13.03,3.02,4.94
2/18/2019 13:45,2.84,13.02,3.02,4.94
2/18/2019 14:00,2.83,13,3.03,4.93
2/18/2019 14:15,2.83,13,3.02,4.93
2/18/2019 14:30,2.84,12.99,3.02,4.93
2/18/2019 14:45,2.84,13,3.01,4.93
2/18/2019 15:00,2.83,13.01,3,4.93
2/18/2019 15:15,2.83,13,3.01,4.93
2/18/2019 15:30,2.83,13,3.01,4.93
2/18/2019 15:45,2.84,13.01,3.01,4.93
2/18/2019 16:00,2.83,13,3.01,4.93
2/18/2019 16:15,2.84,13.01,3.01,4.93
2/18/2019 16:30,2.84,12.99,3.01,4.93
2/18/2019 16:45,2.84,13.02,3.02,4.93
2/18/2019 17:00,2.84,13.01,3.02,4.93
2/18/2019 17:15,2.84,13.01,3.02,4.93
2/18/2019 17:30,2.84,13.01,3.02,4.93
2/18/2019 17:45,2.84,13.01,3.01,4.92
2/18/2019 18:00,2.84,12.99,3.01,4.92
2/18/2019 18:15,2.84,12.98,3.02,4.92
2/18/2019 18:30,2.83,12.98,3.06,4.91
2/18/2019 18:45,2.83,13.01,3.05,4.91
2/18/2019 19:00,2.84,13.02,3.07,4.91
2/18/2019 19:15,2.84,13.02,3.07,4.91
2/18/2019 19:30,2.84,13.02,3.07,4.91
2/18/2019 19:45,2.84,13.02,3.06,4.9
2/18/2019 20:00,2.84,13.03,3.05,4.9
2/18/2019 20:15,2.84,13.04,3.04,4.9
2/18/2019 20:30,2.84,13.04,3.05,4.89
2/18/2019 20:45,2.84,13.03,3.03,4.89
2/18/2019 21:00,2.84,13.03,3.04,4.89
2/18/2019 21:15,2.84,13.03,3.03,4.89
2/18/2019 21:30,2.84,13.05,3.01,4.88
2/18/2019 21:45,2.84,13.06,2.99,4.88
2/18/2019 22:00,2.85,13.07,3.01,4.88
2/18/2019 22:15,2.85,13.06,3.02,4.88
2/18/2019 22:30,2.85,13.08,3.01,4.88
2/18/2019 22:45,2.85,13.08,3.03,4.89
2/18/2019 23:00,2.85,13.08,2.99,4.89
2/18/2019 23:15,2.85,13.08,3.01,4.89
2/18/2019 23:30,2.86,13.07,3.01,4.89
2/18/2019 23:45,2.87,13.08,3.02,4.89
2/19/2019 0:00,2.9,13.08,2.99,4.89
2/19/2019 0:15,2.92,13.08,3,4.89
2/19/2019 0:30,2.92,13.09,3,4.89
2/19/2019 0:45,2.9,13.11,3.01,4.9
2/19/2019 1:00,2.88,13.13,3,4.91
2/19/2019 1:15,2.86,13.15,2.99,4.91
2/19/2019 1:30,2.85,13.19,3,4.92
2/19/2019 1:45,2.85,13.2,3.02,4.93
2/19/2019 2:00,2.84,13.2,3.05,4.93
2/19/2019 2:15,2.84,13.21,3.05,4.94
2/19/2019 2:30,2.83,13.24,3.03,4.95
2/19/2019 2:45,2.83,13.24,3.04,4.96
2/19/2019 3:00,2.83,13.26,3.03,4.97
2/19/2019 3:15,2.83,13.29,3.04,4.99
2/19/2019 3:30,2.83,13.3,3.06,5
2/19/2019 3:45,2.83,13.32,3.06,5.01
2/19/2019 4:00,2.83,13.34,3.07,5.02
2/19/2019 4:15,2.83,13.36,3.06,5.03
2/19/2019 4:30,2.82,13.36,3.06,5.04
2/19/2019 4:45,2.82,13.38,3.03,5.05
2/19/2019 5:00,2.83,13.38,3.02,5.06
2/19/2019 5:15,2.83,13.37,3.05,5.06
2/19/2019 5:30,2.83,13.37,3.06,5.07
2/19/2019 5:45,2.83,13.37,3.04,5.07
2/19/2019 6:00,2.83,13.36,3.06,5.08
2/19/2019 6:15,2.82,13.34,3.03,5.08
2/19/2019 6:30,2.83,13.33,3.01,5.08
2/19/2019 6:45,2.83,13.32,3.01,5.09
2/19/2019 7:00,2.84,13.3,3.02,5.09
2/19/2019 7:15,2.84,13.29,3.02,5.09
2/19/2019 7:30,2.84,13.28,3.03,5.09
2/19/2019 7:45,2.85,13.27,3.02,5.09
2/19/2019 8:00,2.85,13.27,3,5.09
2/19/2019 8:15,2.85,13.26,3.01,5.08
2/19/2019 8:30,2.85,13.25,2.98,5.09
2/19/2019 8:45,2.85,13.25,2.98,5.08
2/19/2019 9:00,2.85,13.24,3,5.08
2/19/2019 9:15,2.85,13.22,3,5.08
2/19/2019 9:30,2.85,13.22,3.02,5.08
2/19/2019 9:45,2.84,13.21,3.02,5.08
2/19/2019 10:00,2.85,13.21,3,5.07
2/19/2019 10:15,2.86,13.21,3.01,5.07
2/19/2019 10:30,2.85,13.2,3.02,5.07
2/19/2019 10:45,2.85,13.19,3.03,5.07
2/19/2019 11:00,2.85,13.19,3.04,5.09
2/19/2019 11:15,2.86,13.18,3.04,5.09
2/19/2019 11:30,2.86,13.19,3.02,5.09
2/19/2019 11:45,2.84,13.19,3.03,5.09
2/19/2019 12:00,2.85,13.17,3.03,5.09
2/19/2019 12:15,2.87,13.16,3.04,5.09
2/19/2019 12:30,2.86,13.15,3.04,5.08
2/19/2019 12:45,2.86,13.16,3.03,5.08
2/19/2019 13:00,2.86,13.16,3.04,5.09
2/19/2019 13:15,2.85,13.15,3.03,5.09
2/19/2019 13:30,2.85,13.13,3.03,5.08
2/19/2019 13:45,2.85,13.12,3.04,5.08
2/19/2019 14:00,2.85,13.13,3.04,5.08
2/19/2019 14:15,2.85,13.14,3.05,5.09
2/19/2019 14:30,2.86,13.14,3.06,5.09
2/19/2019 14:45,2.85,13.13,3.06,5.09
2/19/2019 15:00,2.85,13.13,3.07,5.09
2/19/2019 15:15,2.84,13.13,3.04,5.1
2/19/2019 15:30,2.85,13.13,3.04,5.1
2/19/2019 15:45,2.85,13.12,3.04,5.1
2/19/2019 16:00,2.85,13.13,3.05,5.1
2/19/2019 16:15,2.84,13.13,3.04,5.1
2/19/2019 16:30,2.84,13.13,3.04,5.1
2/19/2019 16:45,2.84,13.14,3.03,5.09
2/19/2019 17:00,2.84,13.11,3.02,5.09
2/19/2019 17:15,2.84,13.12,3.03,5.09
2/19/2019 17:30,2.84,13.11,3.03,5.09
2/19/2019 17:45,2.84,13.12,3.03,5.09
2/19/2019 18:00,2.84,13.12,3.04,5.08
2/19/2019 18:15,2.85,13.12,3.05,5.08
2/19/2019 18:30,2.85,13.12,3.05,5.08
2/19/2019 18:45,2.85,13.12,3.05,5.09
2/19/2019 19:00,2.85,13.12,3.03,5.08
2/19/2019 19:15,2.85,13.1,3.02,5.08
2/19/2019 19:30,2.85,13.11,3.03,5.08
2/19/2019 19:45,2.85,13.11,3.03,5.08
2/19/2019 20:00,2.84,13.11,3.03,5.08
2/19/2019 20:15,2.84,13.12,3.04,5.08
2/19/2019 20:30,2.84,13.12,3.04,5.07
2/19/2019 20:45,2.85,13.13,3.03,5.07
2/19/2019 21:00,2.85,13.13,3.02,5.07
2/19/2019 21:15,2.85,13.13,3.02,5.07
2/19/2019 21:30,2.85,13.13,3.02,5.07
2/19/2019 21:45,2.85,13.15,3.03,5.07
2/19/2019 22:00,2.85,13.14,3.03,5.07
2/19/2019 22:15,2.85,13.14,3.02,5.07
2/19/2019 22:30,2.86,13.13,3.02,5.07
2/19/2019 22:45,2.86,13.15,3.02,5.07
2/19/2019 23:00,2.87,13.15,3.02,5.07
2/19/2019 23:15,2.88,13.14,3.03,5.07
2/19/2019 23:30,2.88,13.14,3.03,5.07
2/19/2019 23:45,2.91,13.15,3.02,5.07
2/20/2019 0:00,2.96,13.14,3.02,5.07
2/20/2019 0:15,3,13.14,3.03,5.07
2/20/2019 0:30,3.01,13.14,3.03,5.07
2/20/2019 0:45,3,13.15,3.04,5.08
2/20/2019 1:00,2.99,13.15,3.01,5.09
2/20/2019 1:15,2.99,13.16,3.02,5.09
2/20/2019 1:30,2.99,13.17,3.02,5.09
2/20/2019 1:45,2.99,13.16,3.01,5.09
2/20/2019 2:00,3,13.15,3.02,5.09
2/20/2019 2:15,3.01,13.15,3.03,5.09
2/20/2019 2:30,3.03,13.15,3.03,5.1
2/20/2019 2:45,3.04,13.14,3.05,5.1
2/20/2019 3:00,3.04,13.15,3.05,5.1
2/20/2019 3:15,3.05,13.14,3.05,5.1
2/20/2019 3:30,3.05,13.14,3.07,5.1
2/20/2019 3:45,3.05,13.15,3.06,5.1
2/20/2019 4:00,3.06,13.15,3.08,5.1
2/20/2019 4:15,3.07,13.14,3.08,5.1
2/20/2019 4:30,3.07,13.16,3.1,5.09
2/20/2019 4:45,3.06,13.14,3.1,5.1
2/20/2019 5:00,3.07,13.15,3.12,5.09
2/20/2019 5:15,3.06,13.16,3.13,5.09
2/20/2019 5:30,3.08,13.16,3.13,5.09
2/20/2019 5:45,3.09,13.16,3.14,5.08
2/20/2019 6:00,3.09,13.16,3.14,5.09
2/20/2019 6:15,3.09,13.13,3.14,5.09
2/20/2019 6:30,3.1,13.14,3.17,5.08
2/20/2019 6:45,3.1,13.13,3.18,5.08
2/20/2019 7:00,3.1,13.13,3.19,5.08
2/20/2019 7:15,3.1,13.14,3.18,5.08
2/20/2019 7:30,3.1,13.14,3.18,5.08
2/20/2019 7:45,3.09,13.15,3.2,5.09
2/20/2019 8:00,3.1,13.13,3.19,5.08
2/20/2019 8:15,3.09,13.15,3.2,5.09
2/20/2019 8:30,3.09,13.13,3.2,5.09
2/20/2019 8:45,3.09,13.15,3.22,5.1
2/20/2019 9:00,3.1,13.12,3.23,5.1
2/20/2019 9:15,3.09,13.15,3.24,5.1
2/20/2019 9:30,3.09,13.12,3.22,5.11
2/20/2019 9:45,3.07,13.14,3.23,5.11
2/20/2019 10:00,3.09,13.16,3.24,5.12
2/20/2019 10:15,3.09,13.11,3.22,5.12
2/20/2019 10:30,3.08,13.12,3.23,5.13
2/20/2019 10:45,3.1,13.17,3.24,5.13
2/20/2019 11:00,3.1,13.15,3.26,5.13
2/20/2019 11:15,3.09,13.18,3.25,5.13
2/20/2019 11:30,3.08,13.1,3.25,5.14
2/20/2019 11:45,3.1,13.11,3.25,5.13
2/20/2019 12:00,3.1,13.11,3.26,5.13
2/20/2019 12:15,3.09,13.11,3.26,5.13
2/20/2019 12:30,3.1,13.11,3.26,5.12
2/20/2019 12:45,3.1,13.11,3.26,5.11
2/20/2019 13:00,3.11,13.1,3.27,5.11
2/20/2019 13:15,3.1,13.1,3.26,5.1
2/20/2019 13:30,3.09,13.11,3.26,5.1
2/20/2019 13:45,3.09,13.11,3.25,5.09
2/20/2019 14:00,3.09,13.1,3.25,5.09
2/20/2019 14:15,3.1,13.11,3.26,5.08
2/20/2019 14:30,3.08,13.1,3.26,5.08
2/20/2019 14:45,3.09,13.11,3.26,5.07
2/20/2019 15:00,3.09,13.1,3.27,5.07
2/20/2019 15:15,3.08,13.1,3.26,5.07
2/20/2019 15:30,3.08,13.1,3.26,5.07
2/20/2019 15:45,3.08,13.11,3.26,5.06
2/20/2019 16:00,3.08,13.11,3.27,5.06
2/20/2019 16:15,3.09,13.11,3.27,5.06
2/20/2019 16:30,3.09,13.1,3.27,5.06
2/20/2019 16:45,3.08,13.11,3.27,5.05
2/20/2019 17:00,3.09,13.09,3.26,5.05
2/20/2019 17:15,3.1,13.1,3.26,5.05
2/20/2019 17:30,3.09,13.1,3.26,5.05
2/20/2019 17:45,3.1,13.09,3.26,5.05
2/20/2019 18:00,3.1,13.09,3.25,5.05
2/20/2019 18:15,3.1,13.09,3.26,5.05
2/20/2019 18:30,3.1,13.09,3.25,5.05
2/20/2019 18:45,3.09,13.1,3.26,5.04
2/20/2019 19:00,3.1,13.1,3.27,5.04
2/20/2019 19:15,3.1,13.1,3.27,5.05
2/20/2019 19:30,3.1,13.1,3.27,5.04
2/20/2019 19:45,3.1,13.1,3.27,5.04
2/20/2019 20:00,3.1,13.11,3.27,5.04
2/20/2019 20:15,3.09,13.1,3.25,5.04
2/20/2019 20:30,3.09,13.1,3.25,5.04
2/20/2019 20:45,3.1,13.11,3.25,5.03
2/20/2019 21:00,3.1,13.11,3.26,5.04
2/20/2019 21:15,3.1,13.1,3.26,5.03
2/20/2019 21:30,3.11,13.1,3.27,5.04
2/20/2019 21:45,3.11,13.1,3.25,5.03
2/20/2019 22:00,3.12,13.1,3.25,5.05
2/20/2019 22:15,3.12,13.1,3.26,5.06
2/20/2019 22:30,3.12,13.1,3.25,5.05
2/20/2019 22:45,3.12,13.1,3.26,5.07
2/20/2019 23:00,3.13,13.1,3.27,5.05
2/20/2019 23:15,3.13,13.1,3.26,5.06
2/20/2019 23:30,3.14,13.1,3.24,5.09
2/20/2019 23:45,3.16,13.1,3.23,5.07
2/21/2019 0:00,3.19,13.12,3.25,5.07
2/21/2019 0:15,3.22,13.11,3.25,5.09
2/21/2019 0:30,3.21,13.12,3.27,5.07
2/21/2019 0:45,3.19,13.12,3.28,5.08
2/21/2019 1:00,3.18,13.12,3.27,5.08
2/21/2019 1:15,3.17,13.12,3.27,5.1
2/21/2019 1:30,3.16,13.12,3.27,5.1
2/21/2019 1:45,3.15,13.13,3.27,5.11
2/21/2019 2:00,3.14,13.13,3.28,5.11
2/21/2019 2:15,3.13,13.15,3.28,5.11
2/21/2019 2:30,3.13,13.13,3.28,5.13
2/21/2019 2:45,3.12,13.13,3.29,5.14
2/21/2019 3:00,3.12,13.13,3.29,5.13
2/21/2019 3:15,3.12,13.14,3.3,5.14
2/21/2019 3:30,3.12,13.14,3.3,5.14
2/21/2019 3:45,3.11,13.12,3.3,5.14
2/21/2019 4:00,3.11,13.13,3.3,5.14
2/21/2019 4:15,3.11,13.14,3.3,5.16
2/21/2019 4:30,3.11,13.13,3.31,5.17
2/21/2019 4:45,3.1,13.13,3.31,5.15
2/21/2019 5:00,3.09,13.13,3.32,5.16
2/21/2019 5:15,3.09,13.13,3.32,5.16
2/21/2019 5:30,3.09,13.12,3.32,5.17
2/21/2019 5:45,3.09,13.12,3.33,5.17
2/21/2019 6:00,3.1,13.13,3.32,5.17
2/21/2019 6:15,3.1,13.12,3.31,5.18
2/21/2019 6:30,3.11,13.12,3.31,5.18
2/21/2019 6:45,3.11,13.12,3.31,5.18
2/21/2019 7:00,3.11,13.12,3.3,5.19
2/21/2019 7:15,3.11,13.13,3.31,5.19
2/21/2019 7:30,3.16,13.12,3.3,5.19
2/21/2019 7:45,3.21,13.12,3.29,5.19
2/21/2019 8:00,3.2,13.13,3.28,5.2
2/21/2019 8:15,3.21,13.12,3.28,5.2
2/21/2019 8:30,3.23,13.13,3.28,5.2
2/21/2019 8:45,3.22,13.12,3.28,5.21
2/21/2019 9:00,3.2,13.13,3.28,5.21
2/21/2019 9:15,3.21,13.12,3.28,5.21
2/21/2019 9:30,3.21,13.11,3.27,5.22
2/21/2019 9:45,3.22,13.12,3.25,5.21
2/21/2019 10:00,3.22,13.11,3.26,5.22
2/21/2019 10:15,3.22,13.12,3.27,5.22
2/21/2019 10:30,3.22,13.12,3.28,5.22
2/21/2019 10:45,3.23,13.11,3.29,5.22
2/21/2019 11:00,3.23,13.11,3.28,5.23
2/21/2019 11:15,3.23,13.1,3.3,5.22
2/21/2019 11:30,3.24,13.11,3.31,5.23
2/21/2019 11:45,3.22,13.1,3.31,5.23
2/21/2019 12:00,3.23,13.09,3.31,5.23
2/21/2019 12:15,3.22,13.1,3.33,5.23
2/21/2019 12:30,3.23,13.09,3.34,5.23
2/21/2019 12:45,3.22,13.1,3.35,5.23
2/21/2019 13:00,3.12,13.09,3.36,5.24
2/21/2019 13:15,3.04,13.09,3.37,5.24
2/21/2019 13:30,3.08,13.1,3.36,5.24
2/21/2019 13:45,3.09,13.1,3.35,5.24
2/21/2019 14:00,3.08,13.1,3.35,5.24
2/21/2019 14:15,3.08,13.1,3.35,5.25
2/21/2019 14:30,3.07,13.1,3.37,5.24
2/21/2019 14:45,3.07,13.09,3.37,5.25
2/21/2019 15:00,3.07,13.09,3.39,5.24
2/21/2019 15:15,3.07,13.09,3.39,5.25
2/21/2019 15:30,3.07,13.09,3.39,5.24
2/21/2019 15:45,3.07,13.09,3.4,5.24
2/21/2019 16:00,3.07,13.08,3.38,5.24
2/21/2019 16:15,3.07,13.09,3.36,5.24
2/21/2019 16:30,3.08,13.09,3.35,5.24
2/21/2019 16:45,3.08,13.08,3.34,5.25
2/21/2019 17:00,3.08,13.08,3.31,5.24
2/21/2019 17:15,3.07,13.08,3.3,5.24
2/21/2019 17:30,3.07,13.1,3.29,5.24
2/21/2019 17:45,3.07,13.09,3.29,5.24
2/21/2019 18:00,3.07,13.1,3.28,5.24
2/21/2019 18:15,3.08,13.08,3.27,5.24
2/21/2019 18:30,3.08,13.09,3.27,5.25
2/21/2019 18:45,3.08,13.1,3.28,5.25
2/21/2019 19:00,3.09,13.09,3.26,5.27
2/21/2019 19:15,3.09,13.08,3.26,5.27
2/21/2019 19:30,3.1,13.08,3.26,5.27
2/21/2019 19:45,3.09,13.09,3.26,5.29
2/21/2019 20:00,3.08,13.09,3.25,5.3
2/21/2019 20:15,3.07,13.1,3.25,5.31
2/21/2019 20:30,3.08,13.09,3.25,5.34
2/21/2019 20:45,3.08,13.1,3.24,5.34
2/21/2019 21:00,3.08,13.09,3.22,5.36
2/21/2019 21:15,3.08,13.1,3.23,5.37
2/21/2019 21:30,3.09,13.1,3.24,5.38
2/21/2019 21:45,3.09,13.09,3.24,5.39
2/21/2019 22:00,3.09,13.11,3.23,5.4
2/21/2019 22:15,3.1,13.09,3.23,5.41
2/21/2019 22:30,3.1,13.1,3.21,5.41
2/21/2019 22:45,3.11,13.1,3.23,5.42
2/21/2019 23:00,3.12,13.1,3.23,5.43
2/21/2019 23:15,3.13,13.1,3.23,5.43
2/21/2019 23:30,3.15,13.11,3.23,5.43
2/21/2019 23:45,3.21,13.11,3.24,5.43
2/22/2019 0:00,3.25,13.11,3.23,5.43
2/22/2019 0:15,3.27,13.12,3.22,5.43
2/22/2019 0:30,3.26,13.12,3.24,5.42
2/22/2019 0:45,3.24,13.13,3.24,5.42
2/22/2019 1:00,3.24,13.12,3.23,5.42
2/22/2019 1:15,3.24,13.13,3.24,5.42
2/22/2019 1:30,3.23,13.13,3.24,5.42
